true_metascore,predicted_metascore
75.0,70.455
68.0,68.02
57.0,66.68
66.0,74.0425
71.0,64.3775
58.0,64.28
79.0,72.4675
77.0,80.86
54.0,48.11
79.0,73.785
81.0,79.68
70.0,65.07
72.0,81.205
84.0,79.835
64.0,68.105
94.0,82.9775
42.0,54.9725
78.0,67.59
63.0,62.2475
71.0,69.805
78.0,79.015
54.0,64.415
62.0,67.285
75.0,70.4375
79.0,67.2425
62.0,71.81
81.0,70.325
78.0,58.19
82.0,72.1625
68.0,78.895
55.0,71.64
62.0,77.695
79.0,87.765
76.0,70.03
64.0,71.5325
61.0,71.6225
69.0,62.7575
61.0,74.055
65.0,69.8475
81.0,72.275
83.0,73.475
87.0,71.9
73.0,70.4575
51.0,60.025
61.0,65.53
76.0,59.26
69.0,71.5525
74.0,73.195
76.0,53.6025
68.0,69.6925
73.0,71.905
80.0,77.46
71.0,78.7425
50.0,68.9575
84.0,71.7925
70.0,74.4175
77.0,75.85
70.0,65.8925
81.0,71.9275
76.0,77.405
76.0,62.7325
86.0,81.4225
79.0,76.0675
56.0,60.035
69.0,71.05
83.0,74.8525
88.0,82.4375
73.0,73.945
85.0,79.21
70.0,78.34
59.0,61.545
69.0,66.005
78.0,67.9475
59.0,63.6675
77.0,81.175
84.0,71.835
75.0,73.5975
70.0,51.9325
87.0,76.5575
72.0,77.61
78.0,76.0825
80.0,76.625
62.0,85.68
67.0,70.87
62.0,63.135
60.0,66.3075
85.0,82.485
54.0,56.28
65.0,75.855
58.0,74.31
64.0,65.73
55.0,77.6775
78.0,70.6775
65.0,63.4825
82.0,72.665
75.0,73.625
64.0,67.4375
71.0,73.765
76.0,78.8275
88.0,83.32
61.0,77.6125
77.0,71.79883333333333
76.0,72.6675
67.0,67.51
69.0,70.6425
74.0,78.2725
73.0,72.16
54.0,59.0675
61.0,62.2375
90.0,85.8325
84.0,73.2
70.0,73.0225
69.0,67.29
51.0,75.1625
84.0,85.26
82.0,78.4925
69.0,64.1725
68.0,71.09
76.0,72.4075
92.0,85.8975
65.0,66.505
78.0,81.05
72.0,78.165
65.0,67.075
84.0,71.0975
85.0,81.5875
80.0,74.275
69.0,73.72
50.0,53.8425
75.0,75.8175
82.0,76.09
59.0,67.1875
88.0,82.7225
78.0,79.2725
79.0,66.6875
71.0,74.4725
90.0,73.035
70.0,72.26
55.0,69.175
82.0,69.505
67.0,74.97
77.0,61.845
62.0,60.8
77.0,68.255
69.0,66.06
60.0,75.615
77.0,81.125
76.0,68.9
66.0,70.5775
45.0,60.255
83.0,74.065
73.0,73.4
69.0,61.65
64.0,70.73
83.0,72.7625
67.0,74.85
61.0,66.8925
71.0,72.8125
61.0,60.6025
87.0,73.1275
33.0,36.7125
83.0,65.9725
74.0,72.5425
85.0,80.4525
75.0,70.2175
44.0,63.2275
51.0,62.68
56.0,61.3475
51.0,59.7925
64.0,75.0925
49.0,75.2725
82.0,69.0775
72.0,59.64
81.0,71.8825
63.0,64.135
74.0,73.3525
77.0,72.3
60.0,62.135
59.0,67.04
82.0,64.9575
90.0,80.6325
38.0,37.86
77.0,76.4725
83.0,80.5175
82.0,69.31
80.0,75.255
59.0,67.795
69.0,74.5175
50.0,59.6575
66.0,74.2275
74.0,70.0675
72.0,73.23
79.0,70.185
52.0,66.035
88.0,80.055
70.0,73.72
76.0,71.885
32.0,57.345
79.0,72.5075
72.0,68.255
73.0,73.835
71.0,63.2375
67.0,69.5375
83.0,80.9625
76.0,74.5475
85.0,78.6425
92.0,75.645
78.0,78.2325
81.0,67.5525
49.0,56.5975
60.0,47.5525
82.0,78.655
76.0,77.5
68.0,69.415
55.0,65.8625
79.0,71.15
86.0,74.1675
70.0,70.3325
87.0,72.3675
61.0,61.31
77.0,80.145
69.0,70.6375
59.0,61.8175
73.0,74.3025
70.0,69.075
53.0,57.8525
84.0,78.8525
86.0,72.9775
62.0,63.57
88.0,54.6625
86.0,81.5825
45.0,65.2875
72.0,70.92
73.0,68.4475
76.0,79.5575
61.0,72.7525
64.0,69.295
85.0,75.2875
80.0,80.23
80.0,80.155
70.0,72.465
85.0,78.61
81.0,70.82
63.0,64.8875
92.0,73.4775
68.0,67.5125
81.0,75.865
79.0,68.1125
82.0,82.2725
66.0,73.78
68.0,64.525
70.0,64.3025
90.0,80.445
72.0,71.5975
39.0,76.82
64.0,72.9475
77.0,74.7675
69.0,62.055
81.0,69.22
64.0,62.9225
80.0,79.0025
68.0,69.76166666666666
79.0,69.425
44.0,54.955
54.0,66.62
84.0,82.01
59.0,62.1625
70.0,70.4325
70.0,59.34
56.0,67.3125
67.0,71.46
75.0,70.8425
63.0,70.1375
61.0,67.725
80.0,72.4875
78.0,68.0775
81.0,77.9825
59.0,64.92
82.0,70.1075
66.0,67.4525
74.0,68.4625
70.0,69.6125
66.0,44.4675
64.0,65.87
81.0,71.5125
61.0,66.3325
60.0,61.8125
74.0,69.91
73.0,67.4375
67.0,66.31
87.0,78.9275
92.0,76.44
73.0,74.765
60.0,71.08
88.0,84.155
58.0,66.515
61.0,67.3125
65.0,70.88
68.0,72.515
80.0,77.4825
50.0,54.8675
80.0,71.0575
73.0,67.005
64.0,75.05
58.0,53.9675
82.0,78.8375
63.0,68.0075
69.0,71.175
86.0,77.3325
73.0,74.2975
59.0,74.635
50.0,60.9575
79.0,78.44
87.0,83.05
70.0,69.27
71.0,77.97
67.0,65.9475
71.0,75.195
58.0,68.4675
67.0,71.1675
78.0,69.0425
59.0,70.98
54.0,76.0025
58.0,70.425
76.0,72.515
67.0,66.5325
81.0,81.6925
71.0,67.8525
71.0,57.56
80.0,73.7475
71.0,70.07
70.0,67.5425
39.0,50.5825
63.0,69.36
85.0,70.4025
44.0,68.07
70.0,70.0925
81.0,70.1775
51.0,61.13
66.0,71.3675
73.0,68.9225
61.0,64.8225
71.0,74.1175
68.0,64.045
88.0,68.0425
68.0,76.115
46.0,39.5925
68.0,79.825
80.0,70.88
70.0,70.9425
67.0,72.6275
89.0,72.4325
73.0,71.535
56.0,60.775
73.0,78.505
80.0,74.085
37.0,51.7225
74.0,67.215
73.0,72.0975
75.0,69.6625
84.0,66.72
63.0,75.2125
73.0,68.6725
66.0,60.1475
62.0,55.36
72.0,68.6775
44.0,72.615
64.0,71.35
75.0,63.095
59.0,60.7875
75.0,73.3775
71.0,74.2125
63.0,74.585
81.0,66.64
68.0,72.7575
70.0,69.9025
74.0,66.3275
64.0,70.935
68.0,64.055
78.0,76.215
56.0,62.4275
84.0,79.9825
76.0,71.5925
94.0,91.0675
83.0,85.6
74.0,74.6675
63.0,63.19
77.0,74.5875
80.0,72.99
74.0,71.6775
74.0,68.3075
79.0,71.5325
87.0,77.195
59.0,63.7075
97.0,80.685
55.0,72.4325
64.0,71.2
68.0,71.1875
74.0,76.065
64.0,73.215
83.0,81.7625
82.0,69.9375
42.0,53.085
80.0,64.885
63.0,69.685
57.0,57.22
96.0,88.19
71.0,78.8475
78.0,73.6875
83.0,73.58
87.0,69.855
84.0,77.315
80.0,79.5525
44.0,59.8875
68.0,75.9425
73.0,74.68
62.0,57.165
68.0,69.83
89.0,77.6525
60.0,69.8025
80.0,77.63
64.0,70.9
85.0,77.175
80.0,78.09
72.0,74.44
79.0,59.0175
80.0,74.12
63.0,62.6425
72.0,73.59
66.0,69.71
79.0,78.325
80.0,79.87
59.0,69.23
72.0,75.3225
66.0,71.04
65.0,69.755
87.0,74.5625
83.0,81.1525
72.0,77.1675
86.0,74.025
46.0,57.8475
83.0,87.0725
74.0,72.035
73.0,72.4625
78.0,65.27
69.0,69.7025
83.0,79.42
64.0,71.0275
81.0,80.205
68.0,68.9225
80.0,78.6
53.0,66.0625
69.0,64.5225
76.0,77.38
67.0,63.0825
56.0,57.8325
83.0,77.72
79.0,69.4625
73.0,73.7325
68.0,75.95
72.0,65.9625
75.0,69.74
70.0,76.6
82.0,73.605
67.0,63.03
77.0,72.1775
84.0,78.485
54.0,68.7975
67.0,75.025
71.0,68.0925
70.0,68.3625
57.0,75.05
58.0,67.12
66.0,68.89
72.0,67.335
79.0,73.685
59.0,64.6075
49.0,53.4875
97.0,87.2475
75.0,77.4125
80.0,76.1175
68.0,67.005
76.0,75.7525
78.0,71.72
81.0,75.3525
63.0,61.545
76.0,69.7175
59.0,62.7925
68.0,67.3225
69.0,66.7225
90.0,78.0475
76.0,72.0825
64.0,56.99
68.0,73.975
67.0,61.045
73.0,69.745
63.0,70.15
50.0,68.6075
70.0,63.0125
72.0,70.3
80.0,77.6
76.0,76.5925
84.0,74.1625
75.0,71.5475
51.0,60.365
66.0,77.9675
81.0,79.59
92.0,87.1525
61.0,60.8275
78.0,80.4625
69.0,64.2925
70.0,67.9525
85.0,62.025
90.0,78.175
61.0,59.39
64.0,68.19
74.0,78.5925
83.0,76.4575
90.0,87.555
77.0,63.375
82.0,66.4175
43.0,68.655
73.0,80.1975
75.0,67.15
80.0,71.84
64.0,65.79
72.0,75.2
80.0,72.2075
80.0,75.5425
59.0,62.55
72.0,78.2625
73.0,71.175
88.0,79.0075
67.0,66.5325
82.0,82.7825
87.0,80.1825
69.0,71.4
69.0,73.205
48.0,66.9425
85.0,74.6275
70.0,60.7825
69.0,73.185
50.0,51.5
85.0,82.445
79.0,79.95
74.0,78.13
62.0,62.385
82.0,72.1825
36.0,65.3725
72.0,75.12
42.0,66.3375
81.0,82.7125
70.0,68.9
69.0,65.58
84.0,74.68
76.0,69.29
58.0,64.83
84.0,83.425
89.0,68.3775
69.0,77.47
79.0,69.8475
64.0,69.285
51.0,74.0225
65.0,74.9125
86.0,85.915
77.0,65.64
67.0,70.545
92.0,79.9975
83.0,77.2375
67.0,76.65
70.0,69.9425
64.0,69.2925
72.0,71.08
40.0,71.0525
82.0,78.8475
76.0,70.3075
60.0,72.57
81.0,78.8925
75.0,74.68
85.0,80.0125
70.0,73.0875
89.0,81.8725
69.0,74.1975
56.0,72.865
78.0,57.025
78.0,69.615
68.0,61.8025
68.0,68.855
52.0,57.9775
70.0,68.66
44.0,69.785
73.0,68.41
57.0,42.9775
65.0,75.9
80.0,78.0875
76.0,79.835
67.0,74.4325
76.0,69.445
81.0,76.79
78.0,79.14
50.0,58.875
82.0,71.66
87.0,74.93
74.0,66.3725
68.0,78.3425
66.0,64.8275
61.0,64.0525
83.0,75.66
88.0,79.8125
75.0,75.3025
61.0,61.185
71.0,65.7425
55.0,56.8775
73.0,70.265
72.0,72.61
53.0,63.3325
49.0,65.1175
96.0,77.6975
69.0,67.95
63.0,63.8475
77.0,75.19
62.0,59.2575
67.0,73.6625
83.0,73.045
54.0,70.1575
78.0,77.0575
76.0,75.5325
75.0,85.1225
60.0,73.0875
72.0,79.485
72.0,79.405
64.0,71.67
81.0,75.4725
78.0,64.92
79.0,72.85
77.0,76.57
61.0,73.5225
58.0,77.3375
84.0,78.795
34.0,45.2
62.0,64.4275
84.0,89.5075
66.0,68.745
78.0,72.57
83.0,80.28
81.0,78.3325
85.0,77.5025
62.0,62.725
62.0,80.025
73.0,67.83
85.0,80.7775
74.0,66.8875
69.0,69.3675
60.0,77.8575
73.0,69.01
35.0,56.485
93.0,74.8575
86.0,83.4475
64.0,63.82
86.0,81.91
61.0,67.33
75.0,69.1275
83.0,79.1
69.0,68.32
65.0,73.99
76.0,69.18
79.0,74.13
83.0,73.475
75.0,76.0175
77.0,77.3775
54.0,71.3375
69.0,66.8725
73.0,68.2025
68.0,70.015
69.0,65.93
83.0,69.3825
58.0,54.275
78.0,77.2825
83.0,77.655
78.0,77.28
39.0,58.06
50.0,60.3475
81.0,77.2125
75.0,69.8025
70.0,64.955
64.0,71.0375
76.0,71.35
83.0,69.0075
83.0,81.9325
72.0,62.8175
45.0,57.185
82.0,80.66
60.0,65.08
87.0,82.9225
73.0,71.9125
33.0,60.9475
67.0,74.91
62.0,60.625
75.0,79.4775
69.0,71.6525
86.0,71.585
92.0,73.0125
75.0,77.9325
83.0,84.08
81.0,74.25
70.0,67.4225
77.0,77.2925
50.0,67.795
73.0,75.2175
73.0,75.565
68.0,73.595
72.0,78.2175
73.0,64.3325
67.0,60.2975
81.0,71.4225
72.0,65.715
83.0,75.62
82.0,67.9575
76.0,69.8625
91.0,80.9
68.0,78.2025
50.0,57.2825
82.0,69.1525
67.0,62.73
79.0,79.095
82.0,72.795
67.0,76.075
58.0,60.0325
87.0,79.5375
83.0,80.8275
80.0,68.52
43.0,53.6575
56.0,62.1075
74.0,67.09
66.0,69.37
74.0,72.71
73.0,72.02
84.0,60.3075
40.0,66.05
70.0,75.8875
54.0,69.33
58.0,64.735
44.0,69.795
76.0,82.49
64.0,73.3825
81.0,80.0725
74.0,74.245
67.0,75.8625
60.0,64.825
80.0,76.7525
73.0,77.4375
77.0,71.13
79.0,74.695
65.0,70.8725
83.0,83.2425
57.0,68.055
74.0,78.345
78.0,75.165
80.0,76.6275
55.0,69.7925
71.0,69.5275
88.0,69.055
81.0,82.6075
81.0,75.9675
86.0,80.0
60.0,51.36
51.0,61.2775
62.0,66.7375
64.0,67.41
68.0,78.985
72.0,69.125
78.0,78.4825
81.0,82.375
62.0,62.43
80.0,67.7125
62.0,70.5675
57.0,69.04
54.0,64.5725
83.0,70.1175
83.0,75.74
82.0,80.3675
80.0,80.5125
38.0,61.32
72.0,72.72
52.0,59.9725
89.0,83.5525
76.0,76.405
82.0,73.1375
77.0,77.8025
75.0,73.1125
75.0,73.9475
76.0,77.565
94.0,78.3925
84.0,78.0125
87.0,80.0225
92.0,87.95
75.0,71.0125
57.0,62.97
66.0,60.24
45.0,72.575
70.0,61.4775
94.0,86.2825
79.0,81.9175
77.0,79.2675
76.0,61.2375
83.0,74.515
66.0,66.53
44.0,42.4975
84.0,78.52
62.0,69.1025
81.0,78.8125
71.0,79.215
38.0,52.755
90.0,74.8675
73.0,63.6875
91.0,82.0725
54.0,66.5025
84.0,61.75
76.0,77.6725
69.0,68.6075
65.0,67.055
34.0,46.615
62.0,72.665
62.0,54.06
83.0,67.7675
68.0,74.335
69.0,70.1875
73.0,70.7075
80.0,71.2325
60.0,57.92
78.0,75.405
83.0,72.73
75.0,69.7475
80.0,76.6025
75.0,75.8875
56.0,64.4675
72.0,68.305
83.0,79.5925
80.0,82.065
81.0,68.4075
47.0,63.71
84.0,61.8875
61.0,72.8375
81.0,79.0325
69.0,71.92
75.0,77.7575
78.0,63.6225
64.0,68.45
41.0,63.6075
75.0,75.5675
82.0,63.8725
88.0,87.96
71.0,75.01
75.0,76.9
52.0,69.9975
74.0,67.535
70.0,64.0
58.0,72.5975
53.0,64.76
71.0,73.305
94.0,85.115
78.0,68.175
78.0,75.0775
72.0,76.3525
76.0,71.9325
66.0,73.1325
81.0,72.39
66.0,68.2825
80.0,60.615
85.0,63.76
58.0,68.8375
75.0,73.8325
75.0,78.9225
50.0,65.0675
60.0,71.11
64.0,67.1125
63.0,66.88
82.0,82.175
60.0,57.4925
65.0,56.745
85.0,79.575
69.0,78.1625
62.0,62.9125
75.0,73.14
69.0,81.32
72.0,81.4325
58.0,62.634499999999996
81.0,76.7375
65.0,64.0075
47.0,60.2025
79.0,77.8925
74.0,70.5425
70.0,66.9
71.0,82.5125
80.0,77.75
61.0,72.8875
78.0,72.355
71.0,72.6775
68.0,77.4425
58.0,60.0375
79.0,70.6225
82.0,78.545
75.0,78.095
25.0,59.175
63.0,57.7425
77.0,73.1675
36.0,45.4775
83.0,81.93
38.0,48.0775
62.0,62.005
83.0,78.755
53.0,58.2875
79.0,74.48
85.0,79.2525
65.0,79.4375
81.0,75.4175
77.0,78.435
57.0,67.14
76.0,74.975
74.0,64.045
60.0,69.71
44.0,71.4675
69.0,62.35
74.0,66.1625
65.0,67.6875
70.0,69.505
74.0,77.5825
74.0,75.5325
70.0,57.0175
82.0,78.2625
83.0,74.4975
72.0,74.84
75.0,77.59
76.0,76.7475
82.0,75.845
50.0,63.8575
34.0,41.9775
50.0,62.505
72.0,74.6625
81.0,77.2325
60.0,61.6675
67.0,72.23
87.0,79.02
70.0,74.4275
66.0,76.8775
81.0,78.1325
57.0,70.335
59.0,51.235
58.0,64.165
63.0,69.4525
61.0,67.685
78.0,78.7725
67.0,62.5325
81.0,73.2025
62.0,75.27
82.0,72.955
77.0,79.24
69.0,76.6325
81.0,70.505
77.0,79.68
73.0,72.0875
80.0,71.3525
44.0,48.825
73.0,75.295
81.0,66.005
78.0,70.12
68.0,69.0875
78.0,76.11
64.0,72.43
65.0,66.595
70.0,69.79
68.0,68.04
68.0,73.935
72.0,70.005
65.0,78.3625
83.0,80.2825
82.0,78.975
84.0,77.595
68.0,65.495
74.0,74.24
76.0,70.295
61.0,70.16
73.0,76.2075
77.0,71.5625
75.0,72.595
69.0,62.5825
75.0,68.115
88.0,80.7625
86.0,83.245
46.0,60.92
75.0,73.4575
79.0,79.365
65.0,67.07
76.0,75.0775
69.0,70.645
84.0,66.4975
81.0,63.97
65.0,65.0375
58.0,63.815
59.0,68.1725
77.0,81.7675
78.0,79.8125
78.0,78.7775
75.0,73.34
74.0,66.675
71.0,64.285
46.0,63.9925
79.0,83.77
49.0,61.9125
78.0,77.8175
35.0,37.8125
46.0,70.76
76.0,75.17
66.0,57.085
58.0,63.835
72.0,77.9775
71.0,73.4175
76.0,72.075
62.0,56.81
81.0,83.1475
80.0,75.5175
71.0,69.0475
73.0,77.5575
61.0,71.725
75.0,72.2675
59.0,75.365
73.0,71.4975
76.0,71.9975
70.0,71.885
74.0,76.3825
67.0,69.3375
58.0,74.625
71.0,70.315
67.0,60.4575
80.0,73.72
56.0,69.87
80.0,81.815
66.0,59.6325
55.0,70.455
47.0,57.395
60.0,59.335
71.0,80.175
71.0,69.6675
65.0,58.445
82.0,75.07
66.0,69.715
80.0,75.3975
80.0,77.6225
41.0,60.9
68.0,78.5625
43.0,46.695
78.0,78.7575
67.0,63.9625
80.0,67.285
79.0,74.0975
74.0,76.395
74.0,68.455
84.0,79.895
74.0,64.9075
76.0,73.9975
76.0,73.09
50.0,52.66
49.0,68.7825
82.0,70.39
24.0,46.4325
78.0,77.9275
83.0,71.2075
73.0,78.7625
49.0,65.475
89.0,81.2225
82.0,81.9375
84.0,73.6475
86.0,76.8525
41.0,66.19
67.0,73.465
72.0,75.485
70.0,71.0425
76.0,72.525
58.0,74.0425
86.0,81.625
67.0,60.655
73.0,70.9775
74.0,66.9675
76.0,79.8675
58.0,58.6025
92.0,89.5325
84.0,75.275
78.0,75.4175
79.0,70.0175
80.0,79.3925
82.0,79.845
58.0,68.8075
62.0,62.175
61.0,59.97
72.0,76.385
85.0,72.4675
76.0,73.5125
65.0,70.395
66.0,67.7225
77.0,69.3175
41.0,60.735
49.0,64.1775
76.0,70.54
65.0,83.21
74.0,67.425
84.0,85.695
85.0,77.2375
71.0,79.665
67.0,72.215
61.0,68.8025
98.0,83.935
84.0,78.365
77.0,64.5725
76.0,71.9725
81.0,73.7075
84.0,85.815
57.0,65.3675
67.0,70.625
76.0,75.525
53.0,55.235
66.0,62.0675
58.0,65.6975
63.0,63.975
66.0,62.83
71.0,60.24
74.0,78.165
75.0,77.1025
72.0,68.4425
72.0,68.365
81.0,67.6775
76.0,73.275
82.0,75.0375
84.0,77.635
91.0,82.15
79.0,72.8275
55.0,72.0825
83.0,81.455
69.0,72.8675
76.0,67.455
84.0,80.01
69.0,70.555
66.0,63.84
71.0,74.6325
76.0,73.0025
63.0,69.9775
68.0,72.705
75.0,66.905
73.0,74.18
53.0,59.26
62.0,64.745
65.0,56.22
77.0,63.355
77.0,73.3975
82.0,78.3825
68.0,69.27
58.0,58.6925
76.0,77.385
90.0,73.3325
66.0,59.4925
52.0,66.385
82.0,73.22
76.0,74.5125
62.0,74.6525
71.0,74.0575
76.0,71.7825
61.0,59.93
77.0,79.11
76.0,72.66
69.0,73.3975
77.0,68.8875
42.0,67.76
62.0,71.0875
58.0,72.465
67.0,69.19
86.0,78.7725
65.0,53.0525
72.0,68.7375
70.0,68.5925
88.0,76.7875
40.0,59.8225
75.0,78.77
80.0,76.54
78.0,77.435
80.0,79.245
77.0,75.4775
82.0,76.25
81.0,74.5825
85.0,85.02
75.0,70.025
80.0,78.945
54.0,66.81
58.0,64.8225
74.0,65.54
73.0,67.4375
58.0,68.6625
73.0,70.68
82.0,77.49
64.0,68.4375
78.0,80.91
66.0,72.65
83.0,77.2025
80.0,75.1775
76.0,72.6875
60.0,60.5625
78.0,77.615
65.0,68.67
75.0,73.2075
60.0,71.4525
80.0,72.8525
45.0,66.565
63.0,66.575
54.0,56.2575
61.0,62.8325
64.0,71.4575
86.0,81.715
75.0,77.51
51.0,64.0925
80.0,79.2875
71.0,76.0775
82.0,84.1375
67.0,67.04
69.0,60.335
49.0,56.56
69.0,71.115
79.0,73.19
91.0,77.915
71.0,76.925
43.0,70.3075
67.0,67.9425
82.0,78.4375
71.0,73.045
25.0,51.94
79.0,83.8425
92.0,79.4225
85.0,80.645
66.0,63.78
63.0,68.92
62.0,74.4075
79.0,79.785
69.0,79.4425
44.0,61.695
74.0,77.9125
75.0,77.2
62.0,69.2575
91.0,78.26
38.0,62.32
74.0,71.2075
88.0,79.8975
80.0,70.97
83.0,80.6625
55.0,69.4325
54.0,68.6175
65.0,63.5075
80.0,72.175
75.0,80.9875
63.0,87.085
80.0,70.0425
79.0,78.955
70.0,71.5725
85.0,77.725
91.0,82.3175
35.0,60.5875
63.0,58.66
80.0,74.515
63.0,68.04
68.0,79.875
69.0,67.5375
70.0,53.7025
54.0,60.84
84.0,77.9425
49.0,60.6275
70.0,69.645
81.0,77.975
78.0,74.89
86.0,78.02
76.0,76.2125
41.0,67.365
63.0,65.3775
76.0,73.855
50.0,63.8225
78.0,68.155
60.0,44.155
63.0,66.85666666666665
76.0,77.0
83.0,80.845
79.0,70.17
73.0,69.0675
68.0,67.755
71.0,73.1575
79.0,69.1975
68.0,62.3575
68.0,59.01
82.0,79.34
80.0,65.7225
65.0,61.2275
70.0,72.295
66.0,71.9825
76.0,66.8225
83.0,77.71
77.0,74.685
76.0,69.315
77.0,73.1475
59.0,64.635
83.0,82.0725
69.0,73.6175
69.0,72.5025
60.0,75.98
51.0,76.68
70.0,64.4075
70.0,69.7075
68.0,69.29
71.0,62.065
76.0,73.585
86.0,67.2975
89.0,75.8425
72.0,72.71
81.0,80.03
67.0,64.5425
83.0,74.3475
93.0,89.805
47.0,64.5375
82.0,78.725
77.0,68.2925
77.0,74.5725
74.0,71.0175
70.0,71.435
81.0,68.5725
82.0,72.855
72.0,74.2575
70.0,69.765
61.0,63.73
67.0,69.9075
93.0,80.915
39.0,67.2975
74.0,64.1675
71.0,66.69
69.0,69.49
43.0,63.77
76.0,67.6
86.0,78.0525
77.0,80.6975
73.0,71.8475
64.0,64.8525
68.0,68.04
77.0,73.2475
74.0,72.465
80.0,77.6825
59.0,66.1025
57.0,66.085
71.0,66.9775
57.0,73.465
85.0,76.8875
75.0,84.2125
81.0,67.165
72.0,77.3075
73.0,67.425
52.0,66.5925
73.0,63.0775
72.0,73.8325
83.0,78.2725
81.0,77.69
79.0,70.6625
54.0,54.9425
74.0,69.7325
44.0,61.2925
76.0,71.225
77.0,78.035
65.0,59.38
64.0,64.28
65.0,67.065
49.0,56.7675
67.0,79.0125
56.0,69.845
72.0,73.68
63.0,56.7
68.0,59.1075
78.0,51.0625
72.0,77.605
67.0,74.2625
82.0,69.68
62.0,72.1375
58.0,62.43
82.0,79.855
75.0,72.615
80.0,80.67
76.0,77.78
86.0,84.01
74.0,68.79
79.0,70.3575
79.0,71.2325
81.0,76.63
64.0,66.7625
70.0,78.635
87.0,77.105
77.0,79.4825
75.0,75.0025
59.0,66.1425
58.0,66.92
78.0,74.4825
83.0,78.325
83.0,77.8425
70.0,69.79
72.0,71.3975
81.0,73.88
74.0,74.125
67.0,76.605
62.0,74.51
77.0,81.7
86.0,82.705
80.0,77.8975
57.0,66.4325
51.0,62.545
83.0,77.8525
47.0,75.7375
84.0,81.29
42.0,55.3725
69.0,68.015
72.0,71.1825
75.0,72.0425
46.0,48.735
71.0,79.0525
81.0,74.5975
91.0,83.7925
69.0,67.1225
81.0,79.105
78.0,69.4425
85.0,80.1725
42.0,54.3025
86.0,76.985
73.0,60.3125
56.0,63.77
64.0,70.7275
88.0,82.9675
78.0,78.1825
76.0,68.99
59.0,73.18
82.0,82.5125
56.0,60.7325
89.0,86.7775
70.0,76.0775
65.0,66.9425
66.0,59.8675
72.0,69.6125
65.0,58.5425
40.0,44.8825
82.0,78.0725
76.0,77.7375
77.0,80.2875
68.0,69.8225
62.0,63.65
78.0,72.04
93.0,84.69
43.0,61.3325
73.0,78.55
64.0,76.545
68.0,76.1175
90.0,73.54
84.0,79.28
82.0,68.8675
65.0,76.1425
75.0,73.095
67.0,69.82
75.0,76.8225
34.0,46.35
74.0,70.8725
63.0,79.25
79.0,68.9025
70.0,73.1025
82.0,77.3925
74.0,68.43
50.0,53.6425
64.0,65.075
59.0,42.68
62.0,77.9125
30.0,68.7675
53.0,66.1575
66.0,75.7575
62.0,55.225
71.0,70.54
72.0,74.52
75.0,82.6925
77.0,70.045
62.0,61.22
64.0,74.715
57.0,64.87
87.0,80.255
73.0,69.53
72.0,70.355
82.0,66.9275
74.0,69.8825
59.0,61.7975
82.0,80.0025
64.0,71.01
78.0,76.94
69.0,69.585
72.0,78.995
78.0,77.1725
84.0,76.5325
38.0,54.2775
73.0,73.345
68.0,73.275
60.0,64.4675
66.0,69.5725
84.0,80.5175
77.0,68.7025
39.0,41.36
67.0,72.63
88.0,85.24
90.0,77.3175
84.0,78.175
63.0,68.315
66.0,77.46
78.0,78.235
65.0,64.0675
49.0,50.8025
78.0,72.9275
76.0,77.215
89.0,78.5125
67.0,71.4725
43.0,57.8525
86.0,85.2775
62.0,70.67
72.0,69.8675
92.0,80.285
71.0,69.2975
69.0,64.1875
77.0,70.1675
75.0,70.61
72.0,54.09
63.0,71.32
78.0,74.1425
71.0,71.9575
75.0,72.515
65.0,62.255
80.0,79.945
87.0,68.17
72.0,68.495
73.0,78.75
78.0,72.26050000000001
50.0,70.5275
75.0,69.965
72.0,70.1775
75.0,69.26
54.0,46.575
72.0,77.7125
91.0,82.3175
82.0,81.305
80.0,74.39
58.0,66.3975
72.0,79.6875
62.0,71.035
76.0,74.5825
71.0,75.3925
60.0,67.82
74.0,58.4375
62.0,72.225
87.0,74.69
66.0,75.01
82.0,76.1325
50.0,56.0625
80.0,63.7325
74.0,67.8125
78.0,63.2675
68.0,77.89
37.0,63.0475
79.0,78.9475
86.0,77.585
46.0,61.8925
73.0,75.4425
75.0,69.57
79.0,78.525
76.0,65.6075
79.0,73.7025
43.0,58.465
85.0,68.8775
80.0,76.8125
91.0,88.1525
77.0,76.56
64.0,64.07
72.0,77.6725
84.0,76.11
82.0,76.43
62.0,65.855
73.0,77.5775
65.0,67.4275
52.0,66.55
94.0,79.3525
69.0,76.2475
58.0,74.3225
92.0,76.225
56.0,63.4925
57.0,70.8375
74.0,69.8925
43.0,42.245
67.0,76.6625
49.0,63.995
74.0,75.7175
87.0,77.0325
37.0,49.225
59.0,62.4575
70.0,59.6875
70.0,70.45
75.0,73.2675
51.0,56.3975
65.0,73.965
65.0,56.36
76.0,76.57
76.0,79.235
81.0,78.9075
78.0,78.4275
63.0,60.9725
74.0,70.98
68.0,69.2925
64.0,76.215
68.0,69.6275
46.0,63.7375
57.0,63.17
85.0,78.0325
56.0,70.745
48.0,58.5475
26.0,48.34
70.0,72.5525
55.0,66.525
77.0,68.45
87.0,88.6825
78.0,59.17
77.0,76.76
69.0,67.725
36.0,43.35
47.0,62.8275
85.0,75.1675
63.0,63.98
72.0,71.6
63.0,75.63
77.0,78.88
81.0,69.7775
59.0,61.87
34.0,62.8375
66.0,73.6175
79.0,76.3375
70.0,65.6875
83.0,65.2675
63.0,61.82
59.0,73.6975
77.0,80.185
83.0,71.895
54.0,65.535
82.0,70.0225
77.0,77.4225
76.0,67.5375
71.0,68.0975
74.0,73.7
75.0,84.1875
70.0,80.0475
70.0,74.4625
92.0,78.1125
82.0,73.6475
39.0,46.8075
73.0,67.6725
56.0,77.9875
68.0,79.46
70.0,71.5725
81.0,70.04
82.0,77.675
58.0,70.0275
69.0,70.2625
55.0,64.9625
72.0,80.2275
66.0,63.8675
91.0,85.59
73.0,70.515
79.0,81.45
86.0,83.675
76.0,76.3175
72.0,62.975
73.0,70.1125
46.0,79.3725
83.0,75.995
93.0,82.6475
51.0,63.2975
68.0,73.385
77.0,74.7825
76.0,72.025
80.0,79.7775
71.0,67.56
86.0,83.9425
70.0,69.9125
60.0,66.82
83.0,75.625
39.0,45.1825
60.0,69.3925
74.0,75.47
63.0,71.9525
83.0,76.14
67.0,66.23
61.0,73.455
64.0,62.71
77.0,73.435
64.0,75.3
74.0,75.9475
67.0,61.9525
86.0,81.785
86.0,81.2775
84.0,80.6
63.0,74.08
73.0,71.0125
94.0,76.9325
53.0,73.9475
70.0,72.18
84.0,78.48
89.0,88.1325
86.0,81.9875
77.0,71.2925
58.0,66.925
76.0,78.6575
68.0,69.7675
56.0,54.4175
67.0,74.795
56.0,65.6475
85.0,82.4
65.0,68.45
71.0,71.085
55.0,61.005
76.0,57.45
79.0,81.14
78.0,73.4475
49.0,63.1925
68.0,76.0875
68.0,68.6225
73.0,76.1725
64.0,70.6925
54.0,71.75
76.0,77.0125
78.0,78.9775
57.0,66.555
77.0,72.605
86.0,83.3
70.0,70.6075
84.0,74.92
82.0,72.0475
70.0,71.93
73.0,66.4325
82.0,81.525
69.0,72.24
65.0,41.265
83.0,77.3675
76.0,75.54
92.0,88.69
76.0,65.02
66.0,66.12
61.0,61.5425
81.0,77.0675
87.0,86.86
80.0,69.2775
60.0,70.6325
81.0,71.3275
54.0,62.3975
56.0,62.1025
47.0,57.4575
74.0,75.8525
76.0,71.3575
86.0,63.995
86.0,70.0125
62.0,67.795
87.0,80.35
78.0,63.82
72.0,64.145
80.0,69.3525
75.0,75.1375
55.0,64.4625
49.0,62.625
84.0,83.835
57.0,71.1075
45.0,65.9325
70.0,74.4925
70.0,66.285
78.0,77.08
64.0,68.12
69.0,67.9875
68.0,71.78
68.0,75.5625
57.0,60.4025
83.0,76.855
91.0,86.16
57.0,60.79
59.0,70.33
86.0,78.0975
86.0,72.4225
81.0,74.3775
57.0,42.6425
89.0,82.015
89.0,77.7675
78.0,70.6975
59.0,61.75
48.0,63.645
58.0,71.08
79.0,75.52
89.0,76.2775
69.0,76.305
67.0,73.57
90.0,88.3075
75.0,77.8325
65.0,73.255
73.0,69.715
59.0,60.0175
84.0,70.61
76.0,73.62
75.0,70.8425
76.0,62.01
84.0,84.1225
85.0,76.2275
84.0,76.2475
80.0,67.07
80.0,70.9125
63.0,68.4025
74.0,67.91
67.0,72.92
82.0,76.0775
63.0,59.8725
80.0,67.0575
64.0,60.895
76.0,67.685
72.0,68.68
74.0,75.5825
84.0,70.4125
76.0,55.6175
86.0,80.81
67.0,69.26
74.0,73.085
63.0,67.0075
80.0,71.6525
70.0,68.385
81.0,65.2225
79.0,76.8
83.0,77.7925
78.0,81.4525
72.0,75.615
75.0,76.4125
54.0,62.0225
70.0,66.2775
51.0,60.1075
83.0,79.5875
78.0,74.1825
53.0,68.5525
75.0,72.605
64.0,72.06
57.0,68.9675
80.0,81.315
76.0,76.245
59.0,69.0875
76.0,73.82
81.0,79.6025
59.0,65.29
80.0,69.1025
70.0,77.4125
75.0,74.8725
82.0,78.8025
85.0,82.35
81.0,75.2075
16.0,29.015
71.0,72.19
65.0,71.5125
67.0,71.345
69.0,65.5275
90.0,70.6225
83.0,76.8775
68.0,72.1275
68.0,69.725
80.0,83.865
58.0,63.58
74.0,77.085
84.0,77.1275
65.0,69.55
84.0,76.1475
63.0,66.875
73.0,75.51
57.0,69.9825
74.0,67.3775
56.0,59.365
84.0,74.9375
80.0,79.25
80.0,80.095
80.0,76.4725
72.0,70.245
75.0,77.61
84.0,63.7225
76.0,79.0775
80.0,73.57
65.0,72.6825
88.0,84.4925
69.0,62.7075
80.0,73.1025
79.0,79.7625
58.0,61.8225
78.0,75.8075
48.0,64.5175
49.0,70.3425
70.0,69.7425
84.0,75.0825
76.0,75.84
58.0,64.6975
58.0,61.0075
83.0,79.3425
77.0,59.57
64.0,69.795
66.0,65.355
71.0,74.65
70.0,77.8875
45.0,52.58
71.0,62.795
79.0,80.315
78.0,71.1575
41.0,47.245
70.0,72.415
49.0,46.02
49.0,67.2075
45.0,54.5325
79.0,73.7525
89.0,85.9275
58.0,59.655
62.0,58.6225
63.0,68.715
77.0,66.5825
59.0,65.795
80.0,78.5075
79.0,77.0575
79.0,64.765
64.0,59.605
66.0,67.2975
27.0,38.3
70.0,75.8175
82.0,78.99
81.0,79.29
78.0,78.935
62.0,63.4425
61.0,63.185
68.0,69.34
75.0,76.95
68.0,71.395
76.0,72.83
53.0,60.76
65.0,65.3275
84.0,77.225
77.0,69.4175
41.0,69.7025
61.0,63.7525
77.0,80.3875
50.0,63.94
64.0,51.7425
72.0,71.815
86.0,81.8425
81.0,81.22
76.0,69.3975
77.0,72.655
65.0,73.665
56.0,73.92
80.0,81.085
80.0,78.0025
39.0,55.5125
82.0,74.2875
50.0,54.4225
69.0,74.735
69.0,63.7575
62.0,81.42
83.0,83.035
78.0,82.9425
81.0,73.815
63.0,57.205
73.0,74.5025
70.0,71.91
76.0,70.295
68.0,66.2275
84.0,78.8825
68.0,62.0075
81.0,72.9775
74.0,72.205
83.0,87.2625
63.0,76.3725
76.0,78.135
84.0,72.43
72.0,70.0375
88.0,73.99
87.0,73.0175
68.0,67.6025
85.0,68.56
74.0,69.41
68.0,65.1825
72.0,69.58
88.0,79.32
77.0,82.9825
83.0,71.34
72.0,69.24
51.0,69.415
93.0,83.2575
71.0,68.345
80.0,78.6875
39.0,73.47
86.0,65.285
81.0,77.195
84.0,80.24
71.0,63.7725
80.0,79.2125
76.0,72.0475
82.0,67.8475
69.0,79.2925
78.0,76.5125
77.0,68.8775
60.0,73.4875
70.0,67.105
79.0,77.4525
87.0,70.3225
48.0,65.49
75.0,74.4575
61.0,61.375
74.0,71.7975
81.0,74.8525
69.0,72.975
73.0,75.3725
83.0,81.0925
49.0,57.17
78.0,67.1725
69.0,74.23
52.0,70.4475
70.0,73.5925
60.0,67.975
72.0,60.3025
53.0,75.165
92.0,77.345
84.0,81.79
72.0,76.94
76.0,67.825
81.0,73.3325
71.0,74.1275
85.0,70.7575
55.0,68.395
71.0,69.24
81.0,73.6725
84.0,70.84
69.0,69.775
70.0,76.9
86.0,72.08
62.0,63.9425
69.0,71.705
71.0,77.015
74.0,70.35
71.0,66.0425
82.0,81.445
79.0,74.6675
78.0,74.8925
81.0,78.3825
68.0,69.5275
95.0,84.28
71.0,73.6825
79.0,77.1
65.0,67.86
82.0,70.475
84.0,81.50625
64.0,61.0
71.0,73.7425
78.0,72.875
82.0,78.495
83.0,78.0375
68.0,72.5475
25.0,43.1075
96.0,83.5475
63.0,70.33
33.0,56.365
59.0,69.43
74.0,71.87
70.0,80.095
73.0,81.9325
81.0,72.635
67.0,77.82
72.0,70.9375
49.0,56.69
58.0,62.65
82.0,80.2475
74.0,69.405
62.0,66.5875
64.0,76.9225
77.0,80.3375
70.0,48.5675
74.0,76.815
86.0,81.935
77.0,70.3175
76.0,64.5775
80.0,61.155
66.0,69.8225
78.0,72.2875
68.0,68.295
68.0,67.98
78.0,75.7875
67.0,74.7525
59.0,73.8675
72.0,75.6875
76.0,76.68
50.0,71.4425
76.0,70.5775
84.0,76.485
60.0,75.1475
44.0,46.7125
73.0,67.175
70.0,73.3325
74.0,67.01
77.0,63.6525
64.0,63.6525
79.0,60.3375
76.0,74.335
78.0,70.68
65.0,70.375
76.0,78.3625
74.0,72.99
62.0,64.65
69.0,66.76
53.0,53.185
76.0,77.7
67.0,71.195
60.0,66.2625
63.0,70.6475
52.0,71.4025
89.0,74.5475
76.0,76.23
74.0,67.0925
69.0,68.4375
66.0,74.06
74.0,80.29
60.0,58.305
74.0,71.6875
78.0,71.01
91.0,69.3275
65.0,68.32
66.0,65.46
68.0,74.0325
43.0,49.43
59.0,64.1725
81.0,62.3425
80.0,75.4325
82.0,81.045
79.0,68.7575
71.0,75.885
72.0,67.6625
82.0,71.6
65.0,55.7075
70.0,70.45
79.0,73.5025
87.0,75.4225
80.0,71.97
59.0,72.44
80.0,67.5925
73.0,64.71
80.0,78.03
70.0,64.685
56.0,68.1125
75.0,68.345
70.0,67.645
68.0,84.03
79.0,71.1825
75.0,71.8275
59.0,60.36
70.0,70.42
63.0,72.0975
75.0,86.895
55.0,63.985
73.0,72.2975
84.0,62.41
43.0,65.4625
33.0,56.6425
67.0,65.465
82.0,78.915
67.0,72.9675
56.0,67.565
75.0,78.825
68.0,60.5825
91.0,81.0025
62.0,59.625
75.0,86.465
59.0,61.325
83.0,73.4675
79.0,69.42
65.0,60.7125
55.0,69.085
69.0,68.7675
76.0,73.52
79.0,80.0525
77.0,74.9575
71.0,71.8525
75.0,84.945
73.0,70.355
77.0,64.85
47.0,64.565
81.0,71.605
84.0,82.68
75.0,68.12
67.0,76.6075
83.0,71.2875
56.0,60.33
83.0,81.2375
50.0,74.545
32.0,34.805
78.0,80.54
61.0,69.1475
79.0,78.99
81.0,83.02
68.0,71.395
83.0,77.5625
78.0,72.0025
77.0,76.1
85.0,80.6525
63.0,72.73
73.0,62.0475
69.0,62.8325
68.0,76.57
82.0,79.525
50.0,75.2225
87.0,71.6975
77.0,76.86
76.0,74.7525
60.0,77.4775
60.0,71.735
62.0,65.6525
89.0,81.96
44.0,63.99
78.0,79.5925
72.0,70.525
82.0,72.1075
70.0,64.3
92.0,82.28
57.0,71.0625
77.0,70.07
76.0,76.6175
63.0,84.535
74.0,72.62
64.0,72.695
61.0,73.285
76.0,69.415
66.0,78.0825
64.0,63.64
76.0,62.7125
80.0,81.3475
77.0,70.88
87.0,84.9875
80.0,80.2525
83.0,72.0125
90.0,80.6525
73.0,68.1725
60.0,68.4225
79.0,70.045
89.0,72.5575
82.0,80.735
59.0,61.2025
65.0,68.29
52.0,52.4725
57.0,70.4
83.0,80.275
63.0,77.1925
78.0,81.0925
59.0,58.6975
76.0,76.97
69.0,65.9225
71.0,71.975
75.0,66.5475
74.0,77.7675
83.0,74.8675
70.0,74.8525
75.0,72.4825
56.0,64.4825
74.0,75.195
84.0,83.5025
61.0,77.7325
67.0,68.505
66.0,73.355
71.0,73.96
89.0,77.1475
69.0,67.1425
43.0,59.065
62.0,66.525
75.0,74.76
89.0,75.285
70.0,69.5175
69.0,72.4175
53.0,57.2025
77.0,74.6175
70.0,68.405
82.0,77.985
61.0,70.205
61.0,69.82
63.0,50.4525
80.0,79.4525
75.0,72.4925
72.0,67.9475
62.0,57.76
84.0,79.6975
63.0,60.4325
74.0,80.3
57.0,61.07
73.0,74.8375
64.0,61.0225
74.0,77.2675
74.0,70.19
61.0,70.415
76.0,75.0025
53.0,63.7
78.0,80.5025
83.0,79.4725
61.0,71.0725
79.0,71.4875
71.0,71.5725
69.0,70.0275
74.0,73.535
71.0,71.89
82.0,74.23
73.0,77.3525
62.0,63.2625
76.0,72.3725
76.0,77.8425
67.0,63.3875
70.0,77.91
42.0,54.6925
81.0,79.1675
49.0,60.755
81.0,80.5
60.0,65.255
64.0,65.395
54.0,69.8325
52.0,53.6525
65.0,71.525
75.0,71.1275
82.0,78.0275
79.0,69.355
70.0,67.85
83.0,83.07
74.0,63.5175
85.0,81.2075
90.0,64.7275
78.0,83.1275
72.0,73.7375
78.0,69.2975
83.0,81.105
70.0,64.0725
63.0,63.08
70.0,74.78
68.0,79.895
69.0,76.045
82.0,79.28
54.0,66.7975
78.0,74.17
59.0,62.305
39.0,56.13
71.0,65.695
82.0,59.7525
87.0,82.6775
67.0,76.035
71.0,68.905
70.0,68.8325
71.0,60.4675
71.0,67.1175
68.0,71.9125
75.0,73.8175
68.0,71.1375
74.0,69.4225
63.0,65.96
69.0,75.245
96.0,82.4775
66.0,65.4725
53.0,64.53
53.0,63.3475
59.0,70.31
76.0,61.88
60.0,68.5
68.0,73.1175
72.0,78.205
78.0,73.35
75.0,76.2475
75.0,66.215
83.0,79.525
57.0,59.0
58.0,60.995
78.0,76.1075
90.0,84.2425
69.0,66.8925
88.0,78.7075
75.0,67.4225
62.0,67.2175
64.0,66.1625
52.0,48.125
67.0,66.8325
78.0,80.0125
84.0,72.95
55.0,66.0575
65.0,70.48
79.0,80.6925
78.0,65.4925
64.0,73.0375
78.0,70.95
76.0,75.4325
73.0,78.1
70.0,76.575
73.0,75.845
67.0,84.2375
59.0,69.2075
75.0,74.5075
73.0,75.5375
69.0,67.2325
72.0,72.9325
82.0,72.14
77.0,72.47
82.0,78.1875
77.0,73.4825
50.0,53.815
81.0,76.2625
72.0,67.3
68.0,65.7325
81.0,80.745
94.0,73.685
67.0,72.59
76.0,75.675
71.0,71.605
74.0,60.9525
80.0,71.9725
65.0,68.3475
84.0,72.74
75.0,75.5575
56.0,64.44
55.0,56.425
75.0,75.755
50.0,59.9875
69.0,66.91
78.0,79.0025
62.0,68.5725
89.0,84.31
90.0,72.8925
48.0,52.3525
59.0,58.425
63.0,55.1275
67.0,63.32
74.0,75.4625
65.0,70.5175
47.0,68.4175
70.0,71.795
84.0,74.545
71.0,69.4025
81.0,79.93
48.0,55.7125
83.0,68.0775
76.0,77.365
37.0,54.07
74.0,71.6425
73.0,75.6475
56.0,63.175
89.0,79.9025
86.0,71.895
58.0,73.8275
69.0,66.69
69.0,74.92
91.0,87.1975
79.0,78.885
90.0,83.5
75.0,65.79
68.0,64.7175
67.0,79.1725
76.0,58.4825
33.0,71.72
67.0,70.775
80.0,80.625
70.0,71.26
79.0,71.7575
74.0,72.0525
70.0,75.43
79.0,80.79
78.0,75.515
81.0,44.7825
63.0,72.75
63.0,64.1575
84.0,77.2
76.0,81.62
84.0,76.0475
73.0,67.8875
72.0,66.0675
66.0,71.2175
78.0,74.3175
45.0,63.615
48.0,41.43
81.0,79.3675
59.0,65.3425
61.0,62.9575
87.0,76.1725
72.0,74.1875
70.0,67.4475
83.0,78.9375
71.0,71.185
53.0,71.99
51.0,56.55
69.0,66.96
74.0,68.88
73.0,65.395
65.0,67.6025
68.0,68.3925
70.0,76.14
75.0,76.2725
83.0,77.3525
78.0,78.76
62.0,70.79
52.0,60.415
82.0,60.82
79.0,62.79
85.0,73.2825
76.0,74.9
73.0,75.655
93.0,76.055
88.0,79.605
70.0,79.1025
67.0,67.8925
66.0,69.015
67.0,75.215
77.0,79.243
79.0,75.395
70.0,63.6325
87.0,76.815
72.0,70.0975
69.0,77.85
72.0,76.2175
68.0,70.865
80.0,61.8475
75.0,74.6625
78.0,77.9925
77.0,69.64
74.0,77.7775
61.0,65.705
69.0,58.105
81.0,72.7325
72.0,73.7825
84.0,72.5275
61.0,70.0975
98.0,75.1075
44.0,45.9625
58.0,66.865
70.0,69.915
80.0,76.055
57.0,63.585
61.0,62.2975
78.0,70.0075
68.0,71.9325
61.0,71.9275
85.0,81.9275
71.0,72.405
81.0,74.5825
86.0,71.96
76.0,77.5725
73.0,78.145
59.0,76.3025
93.0,83.6225
88.0,76.9075
80.0,78.335
78.0,77.4675
79.0,78.42
30.0,42.98
64.0,65.6525
75.0,79.4575
75.0,73.72
89.0,80.98
58.0,59.41
72.0,71.2775
80.0,77.9625
60.0,75.8625
89.0,85.1075
75.0,63.4025
29.0,64.3325
88.0,86.71
82.0,79.3375
76.0,79.03
60.0,67.5325
72.0,70.265
72.0,75.6875
63.0,70.945
51.0,58.2025
59.0,69.24
83.0,76.295
80.0,64.0375
72.0,84.3125
82.0,71.155
87.0,72.5425
82.0,75.2175
67.0,63.1975
63.0,69.175
76.0,83.305
81.0,68.955
96.0,89.4975
87.0,68.9325
88.0,73.77
78.0,64.41
72.0,70.7575
78.0,79.605
80.0,75.075
72.0,68.99
76.0,73.4325
73.0,77.68
75.0,71.2975
71.0,76.725
77.0,73.7025
68.0,71.555
60.0,63.7175
66.0,68.1275
83.0,79.035
54.0,65.9325
71.0,64.8725
75.0,75.4075
69.0,74.5025
77.0,80.07
70.0,71.185
77.0,83.1125
88.0,76.775
78.0,74.0
85.0,80.6725
68.0,66.4975
72.0,69.595
72.0,67.6825
79.0,68.6975
63.0,65.2125
62.0,65.61
66.0,74.3725
63.0,61.5775
88.0,85.83
54.0,62.32
69.0,71.48
72.0,74.685
74.0,75.525
81.0,77.6975
84.0,80.0
80.0,79.1925
57.0,73.945
88.0,83.3175
77.0,69.6275
67.0,61.68
78.0,82.455
82.0,80.135
80.0,81.3125
71.0,69.5325
68.0,84.35
75.0,69.0025
64.0,80.0125
65.0,71.6275
65.0,71.995
41.0,64.385
75.0,69.5425
82.0,79.29
82.0,82.62
79.0,63.565
65.0,64.28
76.0,79.1775
80.0,77.6225
49.0,65.095
73.0,70.9425
60.0,76.2375
80.0,72.22
61.0,74.3425
74.0,73.825
74.0,72.9275
71.0,80.545
61.0,74.3225
66.0,66.6075
56.0,67.5175
79.0,71.44
75.0,73.825
47.0,54.5475
52.0,67.21
76.0,70.9475
59.0,70.7075
71.0,73.3925
73.0,73.3925
70.0,73.725
77.0,78.2875
69.0,68.9675
69.0,74.9075
71.0,72.7825
78.0,70.23
74.0,74.2525
78.0,70.1075
76.0,74.11
55.0,68.4675
62.0,57.1725
63.0,65.4875
81.0,77.905
65.0,76.785
49.0,67.3375
60.0,67.49
79.0,81.905
69.0,63.245
73.0,76.3075
86.0,75.765
83.0,80.995
69.0,76.0
64.0,69.2475
75.0,72.5575
41.0,51.5775
43.0,47.4825
64.0,79.4
68.0,69.0375
44.0,64.2975
61.0,71.0825
63.0,60.9725
64.0,70.59
72.0,76.1925
66.0,74.405
75.0,73.665
55.0,55.615
73.0,76.235
67.0,76.2625
68.0,78.78
72.0,77.7
82.0,76.57
71.0,67.53
76.0,66.675
85.0,69.5
73.0,65.12
66.0,62.2325
79.0,69.7825
64.0,74.555
71.0,72.2125
78.0,78.03
87.0,83.3475
74.0,73.73
64.0,55.465
68.0,67.395
67.0,58.625
76.0,77.355
89.0,63.8575
84.0,67.4275
59.0,68.915
84.0,76.335
60.0,61.195
39.0,55.475
84.0,72.4875
85.0,80.8575
73.0,73.8225
65.0,70.3275
85.0,76.11
69.0,70.535
84.0,79.2875
65.0,68.0125
74.0,69.655
75.0,68.6675
74.0,74.8925
48.0,54.335
76.0,69.5125
78.0,72.5125
67.0,71.715
75.0,64.5475
71.0,71.3125
73.0,68.065
49.0,59.965
69.0,62.295
67.0,62.54
87.0,84.4475
79.0,70.8425
66.0,80.955
64.0,64.0875
77.0,70.4825
65.0,70.2025
73.0,65.33
69.0,69.8975
60.0,60.215
66.0,77.2275
68.0,66.9
71.0,69.725
66.0,64.22
53.0,60.8625
72.0,69.6225
77.0,75.3525
66.0,70.44
68.0,68.385
84.0,79.5875
63.0,68.125
70.0,71.1075
66.0,75.255
30.0,45.45
75.0,64.97
68.0,73.3475
56.0,64.9225
82.0,77.0125
78.0,75.13
40.0,55.605
80.0,72.495
80.0,69.29
69.0,69.92
65.0,72.48
71.0,77.5625
78.0,77.59
58.0,60.82
58.0,63.8525
67.0,76.49
67.0,75.965
68.0,57.015
69.0,73.1
66.0,61.4875
75.0,72.8975
70.0,65.4825
87.0,80.2325
63.0,71.335
69.0,77.6825
82.0,80.6775
65.0,70.6575
82.0,82.9825
81.0,81.61
71.0,70.0125
59.0,68.9925
80.0,73.87
78.0,75.2375
52.0,64.81
58.0,49.3475
71.0,66.66
54.0,63.005
77.0,80.225
74.0,63.385
73.0,75.025
60.0,62.92
81.0,68.3425
32.0,57.605
63.0,69.9775
66.0,63.9125
93.0,77.495
78.0,72.6575
81.0,81.125
87.0,85.92
84.0,80.6675
76.0,71.4725
62.0,65.7525
34.0,45.8075
66.0,75.025
84.0,79.7825
81.0,75.1475
74.0,72.825
69.0,67.62
75.0,78.7025
89.0,83.5275
71.0,64.735
63.0,67.58
85.0,71.775
60.0,71.3175
77.0,73.6
68.0,74.5425
44.0,76.71
82.0,74.8475
78.0,75.735
68.0,67.465
73.0,65.21
85.0,83.9225
65.0,65.79
69.0,65.56
83.0,80.5
73.0,71.0725
57.0,66.19
75.0,78.63
71.0,74.8525
69.0,75.385
89.0,82.7125
81.0,74.025
79.0,68.4475
50.0,62.18
73.0,70.2225
51.0,65.0725
81.0,63.795
64.0,74.095
90.0,76.25
57.0,63.4875
63.0,67.4775
77.0,79.3775
58.0,62.2675
76.0,78.86
71.0,71.6625
54.0,63.6325
59.0,73.73
60.0,69.9
75.0,67.1525
69.0,66.4525
76.0,58.5975
31.0,46.24
63.0,69.7975
65.0,64.2225
58.0,59.515
84.0,79.435
66.0,55.7225
80.0,64.9225
74.0,71.4425
73.0,70.1375
74.0,71.4175
74.0,74.93
68.0,70.2675
73.0,63.6225
51.0,54.365
72.0,78.7775
73.0,67.5475
43.0,57.2225
86.0,83.2825
79.0,67.8225
63.0,77.33
76.0,68.5525
79.0,70.145
80.0,79.4475
84.0,82.085
72.0,70.905
79.0,70.65
59.0,62.92
77.0,69.4325
68.0,74.8675
68.0,66.3025
82.0,73.85
72.0,74.9575
51.0,65.0825
61.0,61.4325
57.0,60.92
70.0,77.08
75.0,70.7225
53.0,70.3875
67.0,69.495
79.0,65.9375
73.0,76.7425
82.0,76.3925
77.0,76.8925
66.0,62.265
80.0,82.02
91.0,80.2875
71.0,78.0725
80.0,74.325
78.0,74.8075
73.0,71.1875
81.0,70.53
60.0,63.6575
77.0,66.7275
87.0,74.195
48.0,61.63
80.0,67.1375
61.0,67.2025
56.0,61.3725
86.0,74.7175
64.0,59.895
76.0,73.525
52.0,57.6525
57.0,63.77
92.0,86.47
68.0,77.7675
77.0,74.4925
81.0,80.965
59.0,47.05
66.0,73.97
80.0,77.8925
49.0,63.5575
59.0,56.035
50.0,66.3975
78.0,75.12
51.0,72.0125
63.0,64.725
63.0,64.9275
73.0,71.55
70.0,78.4225
76.0,70.43
66.0,66.115
70.0,75.3175
52.0,70.1675
91.0,80.255
80.0,76.4825
83.0,76.75
68.0,64.13
60.0,67.68
64.0,63.3025
90.0,76.4275
65.0,79.8725
78.0,70.5975
82.0,70.8625
43.0,49.95
73.0,69.8875
43.0,65.9825
80.0,77.93
56.0,70.46
72.0,67.6675
51.0,58.9225
72.0,70.1575
85.0,75.32
58.0,71.875
93.0,79.8475
60.0,70.2325
69.0,76.2225
82.0,66.665
76.0,71.16
80.0,82.1
78.0,77.6125
52.0,54.07
75.0,69.8175
80.0,66.7625
79.0,79.0125
67.0,67.8925
79.0,77.9425
61.0,67.1
60.0,64.9525
75.0,84.3025
47.0,71.115
79.0,69.915
68.0,54.865
80.0,81.93
59.0,63.78
53.0,66.9175
94.0,85.93
80.0,77.8525
59.0,63.81
91.0,81.69
61.0,71.605
74.0,71.75
65.0,65.935
70.0,80.3775
52.0,49.92
46.0,60.615
80.0,70.2375
45.0,71.0625
84.0,81.1775
76.0,75.605
46.0,53.925
77.0,81.4925
48.0,50.82
66.0,65.56
74.0,77.54
78.0,75.46
63.0,75.65
80.0,71.1425
73.0,70.13
44.0,69.015
69.0,73.31
65.0,65.6975
57.0,52.315
75.0,72.695
62.0,66.85
76.0,68.5775
71.0,77.2725
83.0,78.4525
65.0,76.6975
78.0,74.17
64.0,69.895
69.0,67.8425
63.0,57.3025
74.0,76.99
64.0,68.585
73.0,76.935
75.0,78.3675
69.0,70.245
60.0,60.0725
78.0,74.8025
66.0,65.9825
85.0,72.8675
64.0,41.7975
52.0,61.04
67.0,64.9175
77.0,63.535
77.0,79.3875
80.0,80.66
66.0,67.3875
72.0,71.5925
93.0,78.9525
76.0,64.45
89.0,71.69
84.0,75.605
65.0,62.005
78.0,72.1875
67.0,60.685
68.0,68.0625
88.0,81.115
79.0,63.99
64.0,69.425
67.0,71.7125
72.0,71.965
64.0,65.995
71.0,63.4225
72.0,74.1475
72.0,70.76
73.0,60.15
60.0,63.31
90.0,72.99
75.0,73.7175
82.0,72.055
70.0,73.58
55.0,68.565
57.0,63.325
89.0,78.6225
40.0,55.67
66.0,70.8625
64.0,72.52
91.0,79.5825
81.0,79.46
70.0,71.9025
46.0,69.4325
63.0,71.2075
72.0,78.905
78.0,78.365
87.0,79.545
60.0,66.6625
85.0,76.155
60.0,75.8725
86.0,78.18
59.0,68.05
71.0,60.32
74.0,76.72
76.0,75.395
84.0,79.3025
59.0,71.5
64.0,64.645
60.0,61.3475
74.0,75.5425
70.0,71.4125
64.0,64.745
81.0,80.5225
84.0,67.09
81.0,78.135
81.0,77.1775
45.0,39.1275
78.0,76.85
66.0,70.785
72.0,76.7875
52.0,64.15
68.0,69.06
63.0,63.475
87.0,77.1375
59.0,58.5575
77.0,77.025
81.0,62.72
58.0,65.0
80.0,83.7775
78.0,81.3975
77.0,74.335
57.0,60.6425
63.0,72.0325
70.0,66.9225
89.0,76.2725
83.0,53.8525
79.0,73.1275
73.0,73.0775
66.0,68.2625
50.0,58.705
67.0,53.2625
80.0,80.745
69.0,72.7075
68.0,48.7175
64.0,70.9075
61.0,70.885
89.0,73.5875
69.0,68.6975
86.0,76.4975
58.0,70.0125
72.0,76.9375
82.0,75.6775
90.0,76.295
75.0,69.99
81.0,81.655
37.0,65.6575
96.0,81.3125
56.0,63.615
80.0,43.81
89.0,78.8325
63.0,59.0625
64.0,68.6025
72.0,60.17
79.0,73.33
72.0,77.305
85.0,74.7975
73.0,67.8675
69.0,68.3375
86.0,85.285
76.0,80.37
68.0,73.07
81.0,66.9725
62.0,70.8875
69.0,68.5825
78.0,73.235
80.0,80.6175
72.0,70.695
62.0,75.01
84.0,78.395
72.0,77.87
72.0,75.1525
71.0,70.99
71.0,67.7725
73.0,68.4625
91.0,73.8575
80.0,65.725
78.0,74.7625
81.0,79.5825
45.0,77.6725
84.0,83.2675
66.0,75.515
74.0,71.455
64.0,52.235
77.0,70.035
84.0,72.5775
58.0,62.9425
75.0,72.0975
48.0,55.725
84.0,80.7675
74.0,69.6275
79.0,73.0875
74.0,74.0275
69.0,67.02
66.0,71.8775
69.0,76.3175
71.0,64.3675
78.0,75.1
76.0,73.7525
73.0,70.5
78.0,77.68
74.0,56.0025
63.0,66.02
60.0,71.0475
80.0,70.2825
53.0,69.6175
76.0,64.0025
67.0,69.455
73.0,75.2
52.0,62.9475
63.0,71.06
81.0,76.805
53.0,73.075
59.0,69.89
80.0,68.8875
71.0,70.305
76.0,65.79
57.0,65.0175
62.0,65.77
69.0,75.6525
68.0,62.4
63.0,66.255
53.0,68.8275
74.0,75.5425
80.0,72.6325
73.0,68.555
71.0,68.9625
59.0,63.3925
76.0,74.4375
44.0,55.5325
87.0,76.1575
81.0,77.8225
44.0,51.825
70.0,66.585
65.0,67.08
76.0,81.2625
74.0,68.4175
67.0,72.6775
73.0,70.5325
61.0,73.2675
78.0,70.5575
59.0,52.965
66.0,72.32
61.0,65.14
78.0,79.675
58.0,62.485
65.0,65.17
79.0,76.56
74.0,70.235
78.0,62.025
63.0,68.6
62.0,65.9475
75.0,80.6275
87.0,70.3125
45.0,74.4175
82.0,78.9075
73.0,78.995
73.0,69.1
81.0,76.5275
70.0,72.21
68.0,52.565
85.0,77.995
86.0,74.2275
87.0,76.1775
32.0,56.1625
68.0,76.6475
68.0,79.0925
67.0,60.1575
74.0,74.0025
54.0,68.665
74.0,77.425
86.0,80.1625
79.0,81.0525
81.0,77.9375
73.0,78.495
66.0,63.505
66.0,68.755
64.0,76.2275
66.0,53.215
57.0,64.6475
72.0,79.4025
79.0,74.245
77.0,72.995
67.0,64.4475
75.0,75.175
48.0,66.7375
67.0,75.67
69.0,69.87
75.0,80.695
73.0,64.4725
65.0,78.35
74.0,68.4575
76.0,74.595
79.0,70.2175
70.0,76.8775
70.0,62.7275
71.0,83.23
81.0,75.205
78.0,78.295
82.0,80.2275
61.0,66.515
52.0,66.995
68.0,69.6675
78.0,78.7525
80.0,80.1975
72.0,76.185
66.0,60.2475
53.0,70.935
67.0,79.4075
79.0,80.455
63.0,70.48
78.0,71.105
76.0,79.6775
82.0,73.9675
73.0,69.815
40.0,61.975
66.0,74.4025
81.0,78.6225
80.0,73.89
52.0,68.15
77.0,80.3375
49.0,61.6075
56.0,78.32
90.0,83.33
65.0,67.7575
86.0,70.1475
83.0,70.39
67.0,70.015
51.0,66.77
76.0,75.65
73.0,74.1825
71.0,60.46
73.0,78.245
68.0,64.795
50.0,63.18
73.0,72.075
84.0,62.735
70.0,79.6525
58.0,65.0275
77.0,65.115
66.0,76.6475
88.0,74.155
86.0,78.2275
79.0,78.57
70.0,77.85
73.0,79.045
86.0,71.3975
62.0,59.925
57.0,70.8025
74.0,71.8325
26.0,45.775
80.0,78.9725
78.0,72.5025
80.0,69.55
85.0,77.5775
75.0,82.605
66.0,59.77
59.0,70.0775
61.0,80.305
67.0,67.3
74.0,68.1075
55.0,54.8
75.0,71.495
71.0,59.4475
97.0,82.355
83.0,74.51
77.0,74.525
46.0,54.99
67.0,72.9975
77.0,74.12
65.0,68.6375
81.0,62.7425
88.0,77.6825
39.0,53.815
73.0,72.1525
50.0,61.06
63.0,65.6575
51.0,40.305
61.0,59.0575
77.0,68.8325
72.0,61.9625
71.0,77.2275
83.0,83.365
79.0,76.3675
87.0,79.24
78.0,71.87
42.0,61.445
85.0,70.8875
55.0,68.46
57.0,61.4825
70.0,67.7725
83.0,84.1625
73.0,76.1625
37.0,49.1025
54.0,59.3275
76.0,68.9075
79.0,63.15
83.0,65.1025
59.0,65.6775
36.0,67.0
58.0,78.9325
84.0,83.085
80.0,80.8925
77.0,74.8275
78.0,69.79
80.0,73.8625
83.0,75.575
56.0,55.6
87.0,76.6
51.0,63.2075
54.0,70.3125
75.0,72.7625
63.0,70.21
50.0,65.5375
80.0,76.785
77.0,75.615
70.0,73.6725
63.0,73.6075
56.0,76.675
87.0,78.665
82.0,75.9975
75.0,73.63
72.0,71.775
73.0,76.6325
86.0,84.9525
36.0,55.09
86.0,68.94
70.0,62.455
80.0,78.2525
82.0,79.2575
82.0,79.44
83.0,74.1125
68.0,74.86
44.0,66.79
83.0,78.3
67.0,72.66
53.0,63.37
80.0,79.435
79.0,66.9125
83.0,72.17
65.0,68.6825
70.0,71.2525
59.0,68.05
86.0,81.24
82.0,67.0525
79.0,77.735
71.0,67.0275
44.0,60.195
71.0,69.0825
74.0,79.1575
64.0,69.99
67.0,77.0375
82.0,71.65
74.0,64.145
64.0,71.8925
81.0,78.0825
83.0,75.8525
74.0,78.14
86.0,70.0425
53.0,59.1275
59.0,61.5
43.0,56.24
77.0,82.3275
77.0,75.385
83.0,79.5325
71.0,71.2425
59.0,68.1625
69.0,75.055
73.0,63.0125
80.0,72.09
79.0,69.0825
68.0,74.0275
69.0,67.5675
58.0,60.07
85.0,59.3575
75.0,65.685
72.0,70.9975
74.0,69.1225
72.0,73.7775
71.0,63.8625
67.0,65.9225
75.0,72.895
72.0,77.98
66.0,69.87
78.0,74.28
70.0,70.45
64.0,74.3725
81.0,80.155
78.0,80.0775
55.0,54.9975
78.0,72.9975
61.0,68.9925
69.0,70.0375
57.0,58.045
68.0,57.3825
76.0,58.5725
56.0,74.53
78.0,72.1925
88.0,73.34
87.0,83.8575
70.0,75.94
66.0,71.6175
70.0,72.345
66.0,70.32
73.0,79.0175
53.0,61.1625
57.0,73.77
66.0,62.8975
75.0,78.585
55.0,59.8875
59.0,62.7375
73.0,65.0025
68.0,62.7175
40.0,50.0225
77.0,75.015
71.0,72.7375
66.0,72.99
52.0,54.87
84.0,79.1525
73.0,68.97
71.0,73.315
83.0,72.4225
74.0,60.4125
56.0,55.7975
64.0,60.4875
50.0,66.635
80.0,77.1075
89.0,63.17
72.0,73.8725
72.0,68.74
82.0,74.66
61.0,59.555
83.0,82.77
84.0,72.0275
78.0,84.0525
80.0,77.9075
74.0,72.6625
70.0,68.8325
79.0,74.2675
63.0,80.8575
80.0,64.045
53.0,70.4725
75.0,70.9175
59.0,68.6525
80.0,70.275
87.0,85.2075
47.0,64.05
74.0,71.9225
51.0,67.01
71.0,76.5
74.0,74.775
71.0,74.88
52.0,67.4425
68.0,76.6925
83.0,70.635
63.0,69.935
51.0,65.2975
66.0,70.4225
62.0,67.61
80.0,71.9275
50.0,60.8625
79.0,78.12
57.0,60.615
65.0,80.335
82.0,76.68
63.0,71.145
73.0,73.295
74.0,77.1575
84.0,76.0
45.0,66.4075
67.0,68.535
75.0,77.0775
61.0,74.71
86.0,71.6675
86.0,74.7475
84.0,73.1275
48.0,56.5675
63.0,75.2675
58.0,77.5125
85.0,74.485
72.0,66.175
58.0,58.3625
73.0,71.355
70.0,75.85
61.0,83.8275
64.0,71.215
64.0,67.0975
56.0,67.57
85.0,79.725
50.0,55.445
83.0,75.7775
69.0,69.03
84.0,70.8075
80.0,79.615
56.0,61.87
75.0,67.455
76.0,75.0
88.0,87.74
72.0,74.98
76.0,75.5225
89.0,78.195
87.0,75.1675
53.0,74.3275
64.0,73.76
40.0,50.315
77.0,64.365
85.0,79.4475
56.0,68.4025
78.0,77.39
60.0,68.3325
58.0,73.8225
74.0,78.46
59.0,70.9625
81.0,82.885
70.0,70.715
66.0,69.775
36.0,56.595
80.0,78.3675
53.0,65.7175
85.0,82.6425
65.0,62.485
59.0,62.15
76.0,82.775
73.0,68.6475
79.0,75.3775
91.0,78.3425
66.0,70.9475
71.0,72.68
84.0,69.9875
64.0,64.4925
80.0,79.3325
71.0,68.705
78.0,76.435
69.0,71.1275
84.0,85.0575
79.0,84.3175
28.0,37.005
55.0,63.205
71.0,68.6575
74.0,78.4225
79.0,78.8475
79.0,77.5275
65.0,68.2675
59.0,73.38
67.0,67.2
60.0,58.6675
77.0,68.44
65.0,67.68
72.0,72.065
81.0,73.215
67.0,74.5
87.0,68.97
77.0,78.918
81.0,65.8175
59.0,68.565
81.0,69.3075
72.0,77.64
78.0,68.145
32.0,57.2225
89.0,72.35
62.0,71.355
66.0,71.4
80.0,83.44
84.0,83.8625
81.0,79.1925
81.0,84.48
65.0,63.7425
63.0,51.345
62.0,64.405
77.0,73.1475
43.0,57.8975
76.0,77.37
80.0,77.71
70.0,73.7725
70.0,77.0325
60.0,71.43
90.0,82.6225
83.0,84.9025
84.0,72.6575
86.0,77.8925
74.0,74.2
72.0,77.06
60.0,69.4675
64.0,67.6525
87.0,78.5875
73.0,69.2675
67.0,69.27
54.0,67.8275
80.0,75.98
52.0,66.285
80.0,75.1125
53.0,64.15
61.0,53.5425
70.0,69.845
48.0,58.8325
76.0,81.2375
75.0,73.55
48.0,62.265
39.0,48.2625
86.0,81.315
88.0,85.0675
67.0,69.965
87.0,75.76
43.0,65.7325
86.0,80.3325
72.0,74.4025
91.0,88.4025
84.0,77.94
51.0,61.0575
76.0,72.79
65.0,72.185
67.0,67.7975
63.0,64.44
79.0,74.5925
69.0,77.4
80.0,73.9725
84.0,81.7
53.0,63.1175
80.0,79.31
67.0,67.99
82.0,79.25
69.0,66.7575
87.0,82.575
83.0,78.54
88.0,75.9825
81.0,76.8875
81.0,85.3825
25.0,55.4875
66.0,68.3225
82.0,70.815
68.0,54.6475
68.0,68.635
63.0,65.63
70.0,76.7325
77.0,76.375
51.0,60.9375
77.0,76.7575
73.0,70.2175
88.0,79.035
77.0,79.1875
88.0,84.1425
48.0,60.13
77.0,73.3025
69.0,70.6875
70.0,66.6325
76.0,78.23
79.0,73.6925
53.0,59.655
82.0,82.5775
86.0,76.035
74.0,75.9675
92.0,73.6125
78.0,77.3825
60.0,80.2
52.0,62.85
69.0,64.73
88.0,72.555
68.0,70.7375
87.0,88.8975
83.0,80.17
76.0,76.62
84.0,72.6775
65.0,81.0125
84.0,76.3925
69.0,68.2625
84.0,72.9275
55.0,70.325
64.0,64.8225
45.0,64.8525
67.0,67.8425
57.0,74.3175
84.0,80.26
89.0,84.005
62.0,68.275
60.0,71.0175
80.0,80.445
73.0,73.7225
65.0,66.0125
82.0,78.965
93.0,75.1025
61.0,78.3975
72.0,68.3525
72.0,73.705
71.0,79.2275
76.0,70.58
57.0,65.5675
68.0,79.8525
67.0,71.75
65.0,70.17
82.0,71.3375
68.0,77.8575
74.0,73.85
75.0,70.645
57.0,62.0
80.0,81.0725
46.0,66.505
71.0,65.105
77.0,78.3925
75.0,82.065
69.0,69.7675
57.0,76.835
78.0,75.7975
54.0,60.7625
74.0,61.4325
81.0,80.6675
59.0,74.0825
58.0,76.17
81.0,78.3475
76.0,76.5275
87.0,88.725
81.0,77.16
76.0,72.52
77.0,76.9675
84.0,78.9925
90.0,81.6375
75.0,69.245
76.0,61.9975
54.0,59.1075
80.0,77.235
62.0,70.7075
35.0,56.1975
68.0,70.1
77.0,71.3025
77.0,77.3325
38.0,47.3
80.0,75.12
84.0,85.06
76.0,69.785
76.0,77.5475
74.0,70.3675
61.0,72.795
82.0,77.3075
53.0,69.645
39.0,68.1525
53.0,67.295
54.0,65.2875
67.0,62.7725
67.0,58.4325
83.0,72.4075
51.0,60.7975
66.0,70.12
98.0,88.295
71.0,76.2375
85.0,84.5075
61.0,54.665
83.0,79.275
73.0,70.2975
73.0,77.845
76.0,71.295
79.0,70.6125
53.0,66.375
75.0,76.305
85.0,70.0275
66.0,70.8075
87.0,81.615
68.0,72.8975
66.0,62.2225
74.0,79.21
64.0,63.0425
72.0,67.245
63.0,75.5075
81.0,75.05
82.0,79.595
50.0,63.19
53.0,60.975
89.0,78.6625
78.0,75.1125
91.0,71.6075
70.0,76.3775
58.0,77.4025
84.0,83.3725
71.0,71.5275
63.0,67.6275
80.0,82.605
83.0,76.705
83.0,74.195
70.0,70.7025
88.0,76.5875
90.0,75.42
68.0,76.5775
72.0,72.0525
68.0,73.81
63.0,64.035
33.0,72.1375
84.0,67.515
78.0,76.61
72.0,80.62
72.0,76.475
77.0,69.79
77.0,76.795
74.0,76.525
70.0,72.12
82.0,78.615
67.0,67.3325
73.0,69.4175
87.0,77.8875
67.0,72.775
57.0,69.7725
67.0,66.8475
87.0,67.9375
59.0,64.635
74.0,75.8625
63.0,74.14
75.0,72.4275
74.0,65.5225
72.0,71.47
69.0,80.6175
68.0,69.31
70.0,83.3
59.0,52.6625
50.0,70.2975
54.0,64.15
59.0,63.59
82.0,71.4725
83.0,52.765
72.0,75.1925
86.0,78.7775
65.0,62.0525
86.0,48.5375
85.0,79.72
81.0,69.805
74.0,80.24
72.0,69.19
78.0,72.4125
75.0,70.745
83.0,71.855
64.0,79.61
82.0,71.4275
82.0,73.32
75.0,73.95
82.0,78.05
69.0,76.41
86.0,75.8175
96.0,83.3125
69.0,71.4225
44.0,62.7075
69.0,71.185
52.0,64.9825
69.0,68.4925
74.0,68.6625
73.0,69.2375
83.0,75.4775
60.0,63.79
58.0,58.7575
77.0,67.1875
68.0,79.445
78.0,71.43
85.0,80.055
54.0,59.945
46.0,46.8675
72.0,67.515
92.0,85.435
32.0,52.9575
69.0,78.08
65.0,78.67
47.0,56.6525
74.0,71.375
64.0,67.0875
45.0,59.425
51.0,49.6325
80.0,78.1325
75.0,69.19
71.0,68.85
84.0,78.3025
71.0,69.38
83.0,73.1475
36.0,56.1925
69.0,76.9725
59.0,66.1675
58.0,69.735
53.0,77.07
75.0,69.0475
78.0,71.085
74.0,77.7375
60.0,63.8075
78.0,74.295
60.0,55.605
61.0,83.47
61.0,69.0775
65.0,74.7875
93.0,84.1425
80.0,78.3975
59.0,60.5025
83.0,71.8
79.0,68.935
75.0,74.7025
75.0,74.1725
82.0,67.9025
55.0,75.675
80.0,76.7475
59.0,59.095
82.0,74.3475
68.0,70.865
66.0,72.8225
26.0,49.86
71.0,68.215
82.0,73.8225
66.0,65.665
92.0,86.0975
74.0,76.5475
72.0,71.83
61.0,69.9625
72.0,70.865
74.0,60.555
64.0,71.2225
43.0,50.89
71.0,78.99
67.0,81.465
92.0,64.6975
77.0,69.8475
64.0,59.875
79.0,67.405
74.0,68.1275
84.0,73.83
85.0,70.7375
57.0,68.36
78.0,78.0275
73.0,76.1525
76.0,72.02
48.0,72.925
82.0,79.6775
75.0,73.02
83.0,65.2575
74.0,75.9475
81.0,83.3175
85.0,80.3025
87.0,69.5125
79.0,69.18
79.0,72.545
46.0,54.465
76.0,72.5775
70.0,71.91
85.0,80.9075
59.0,53.8625
70.0,72.2075
81.0,80.0175
64.0,66.435
72.0,72.6475
74.0,73.39
58.0,76.3525
85.0,82.735
66.0,74.375
47.0,63.4025
68.0,73.8175
64.0,68.3375
94.0,85.4175
90.0,70.6425
64.0,71.1825
73.0,66.7125
71.0,64.605
69.0,72.9975
88.0,83.0875
75.0,79.7425
57.0,58.53
79.0,81.615
27.0,45.9425
73.0,62.8775
74.0,71.235
74.0,81.345
80.0,75.675
75.0,71.665
55.0,56.0725
76.0,78.92
78.0,77.82
90.0,79.605
55.0,65.385
53.0,71.385
83.0,83.555
68.0,65.65
81.0,81.29
66.0,77.9625
89.0,81.7175
53.0,62.99
74.0,73.9
66.0,67.91
83.0,78.595
61.0,58.015
75.0,79.9125
72.0,67.8025
43.0,57.8675
91.0,73.2675
74.0,74.8225
78.0,74.85
78.0,65.2425
71.0,70.695
78.0,75.7925
64.0,69.6875
76.0,70.835
68.0,68.425
75.0,73.1925
53.0,59.835
56.0,62.245
73.0,72.4575
85.0,75.97
89.0,75.985
59.0,67.2875
78.0,69.8075
87.0,59.2675
65.0,71.9125
69.0,77.6725
68.0,74.56
79.0,82.2775
81.0,71.595
74.0,73.6125
88.0,86.3675
73.0,74.995
62.0,55.275
78.0,75.2625
85.0,67.725
72.0,64.185
71.0,79.22
83.0,75.8625
76.0,75.66
87.0,78.005
83.0,80.4325
70.0,71.5575
76.0,64.0375
74.0,77.7875
59.0,67.7875
78.0,77.3325
70.0,75.67
78.0,63.6975
73.0,70.1125
74.0,76.05
65.0,72.1275
72.0,71.1725
66.0,69.4125
73.0,75.35
48.0,63.6125
76.0,72.8
86.0,79.8575
75.0,74.02
83.0,75.6525
84.0,80.0175
70.0,79.0425
67.0,70.375
20.0,36.6975
67.0,76.37
64.0,60.935
78.0,70.795
64.0,63.085
74.0,68.18
79.0,75.0375
81.0,72.5575
70.0,73.145
53.0,68.675
75.0,72.26
79.0,75.525
86.0,77.4475
55.0,63.8325
66.0,73.9275
72.0,78.2775
75.0,70.9175
85.0,68.43
80.0,74.3325
84.0,75.2775
73.0,78.98
69.0,65.535
63.0,76.18
76.0,71.5925
74.0,70.0975
81.0,77.195
66.0,66.54
73.0,68.3875
71.0,71.1575
80.0,76.03
77.0,72.515
64.0,68.5825
83.0,83.61
57.0,64.1675
91.0,79.0775
65.0,66.0325
87.0,76.5925
81.0,71.115
64.0,66.9375
74.0,67.0925
72.0,77.375
94.0,85.0725
87.0,84.165
64.0,69.755
67.0,67.2725
82.0,70.8775
82.0,83.1975
79.0,72.175
54.0,62.58
76.0,70.3375
63.0,63.0075
79.0,74.78
50.0,63.1475
76.0,76.5425
61.0,60.9325
72.0,73.0475
78.0,72.7125
87.0,79.5175
83.0,72.67
82.0,79.595
78.0,80.705
59.0,73.8175
67.0,68.1325
58.0,71.795
72.0,68.5
21.0,54.2375
82.0,66.15
85.0,77.915
79.0,74.8475
58.0,74.435
76.0,65.805
87.0,78.655
69.0,70.6125
79.0,81.3975
88.0,72.0125
78.0,69.47
59.0,68.31
71.0,68.49
76.0,74.9125
69.0,71.34
46.0,69.9725
90.0,79.1975
90.0,81.7275
62.0,62.7725
70.0,61.135
67.0,75.87
79.0,78.33
76.0,79.815
75.0,68.795
81.0,70.0825
72.0,67.2775
84.0,84.4
52.0,61.7875
72.0,70.9
69.0,74.085
47.0,69.9775
79.0,69.0575
74.0,60.805
78.0,69.035
78.0,80.9725
72.0,72.1275
39.0,57.1875
62.0,68.12
74.0,70.6275
83.0,76.3575
62.0,69.125
87.0,78.0425
83.0,78.0725
83.0,77.1925
78.0,80.4075
49.0,62.16
55.0,74.38
70.0,61.0325
86.0,81.24
97.0,85.1875
66.0,59.3525
65.0,57.25
64.0,78.67
67.0,76.4675
69.0,73.1675
68.0,69.02
76.0,64.19
68.0,77.0725
44.0,61.655
62.0,68.63
92.0,79.1425
78.0,77.1425
65.0,69.44
60.0,61.3525
77.0,70.0225
80.0,73.14
96.0,77.5025
46.0,62.13
71.0,74.83
69.0,76.915
64.0,77.79
44.0,64.8975
77.0,69.3425
65.0,72.9025
59.0,71.975
84.0,83.9675
66.0,63.2
72.0,78.015
72.0,76.1025
81.0,68.19
74.0,70.0375
80.0,68.5225
79.0,79.0525
70.0,63.745
82.0,78.335
56.0,67.6075
92.0,84.34
63.0,72.6075
58.0,77.23
78.0,66.205
72.0,71.615
72.0,73.915
60.0,69.2025
78.0,76.8425
61.0,66.1725
78.0,74.015
30.0,68.715
76.0,73.7725
82.0,72.805
71.0,69.62
85.0,74.8875
81.0,75.235
66.0,57.985
80.0,77.725
51.0,70.2025
63.0,66.195
73.0,74.6775
68.0,73.7975
75.0,72.0075
65.0,66.3575
70.0,69.5775
76.0,74.8825
93.0,79.0125
79.0,77.29
31.0,67.62
82.0,81.07
70.0,70.9475
83.0,65.265
87.0,82.4725
69.0,60.815
77.0,68.55
90.0,80.0125
84.0,75.4225
55.0,67.065
83.0,70.32
64.0,67.4875
87.0,79.6975
71.0,71.745
80.0,76.375
72.0,67.0975
64.0,68.5875
73.0,66.27
84.0,77.5025
75.0,79.5825
71.0,69.685
66.0,62.9775
56.0,70.775
74.0,79.255
61.0,67.4275
78.0,75.9125
71.0,74.875
43.0,68.06
65.0,68.1625
88.0,82.81
64.0,68.0225
77.0,61.0625
72.0,73.735
78.0,67.8125
85.0,79.59
37.0,62.5375
43.0,62.595
58.0,73.875
51.0,53.4725
61.0,60.6525
93.0,85.7975
65.0,74.29
81.0,75.3575
90.0,86.055
71.0,68.1125
77.0,74.98
47.0,52.1125
87.0,75.6875
77.0,73.0125
80.0,84.2325
59.0,54.635
79.0,69.97
77.0,69.725
79.0,69.0475
65.0,68.8125
74.0,77.545
75.0,71.4325
71.0,69.675
68.0,65.8025
85.0,80.0775
73.0,69.635
62.0,64.59
85.0,79.225
83.0,62.7475
72.0,65.165
73.0,70.91
80.0,75.18
56.0,69.3525
80.0,73.64
51.0,45.75
20.0,25.325
71.0,74.75
76.0,69.945
77.0,62.6275
65.0,67.4325
80.0,70.0975
83.0,78.4875
81.0,75.57
61.0,70.1925
84.0,77.0175
75.0,73.4525
75.0,72.735
92.0,79.2875
89.0,83.0425
88.0,77.325
77.0,81.725
82.0,79.95
53.0,69.7925
58.0,68.8125
75.0,69.97
81.0,74.2725
53.0,54.0225
82.0,76.0675
80.0,76.485
70.0,71.1225
53.0,63.7475
59.0,70.03
54.0,71.505
75.0,64.86
72.0,75.87
74.0,59.775
80.0,66.16
37.0,51.425
61.0,70.3925
69.0,66.4325
75.0,68.9325
93.0,88.62
35.0,53.7225
79.0,77.7325
95.0,79.915
63.0,53.4975
66.0,64.3425
82.0,79.4925
76.0,74.7775
66.0,75.23
64.0,80.98
79.0,70.81
74.0,68.7825
72.0,75.2475
75.0,70.365
63.0,64.2525
75.0,58.535
76.0,73.8725
80.0,71.865
62.0,70.26
83.0,77.7925
56.0,44.8575
78.0,72.595
66.0,72.025
81.0,77.655
69.0,71.2075
87.0,81.635
52.0,59.6525
72.0,64.1775
79.0,73.75
68.0,87.275
97.0,87.12
64.0,72.21
74.0,71.1875
75.0,80.18
70.0,75.9225
87.0,67.9125
72.0,69.5575
60.0,69.555
62.0,65.49
63.0,63.4525
60.0,63.445
81.0,68.175
61.0,59.1175
87.0,84.97
81.0,70.5525
62.0,69.73
64.0,66.885
48.0,59.0825
54.0,72.9275
84.0,80.7375
77.0,72.385
73.0,69.0275
44.0,74.1575
51.0,75.3125
88.0,76.17
76.0,79.72
86.0,77.01
62.0,51.8225
82.0,79.6875
64.0,75.99
71.0,69.4125
55.0,63.2075
68.0,65.1875
62.0,77.2275
57.0,70.0
74.0,68.63
61.0,67.185
55.0,78.7225
66.0,68.4225
59.0,59.7325
85.0,75.5575
71.0,76.04
56.0,75.4825
73.0,69.9025
71.0,68.0125
75.0,77.345
76.0,74.7725
71.0,71.1175
81.0,76.66
81.0,85.585
67.0,72.615
70.0,76.235
66.0,61.775
75.0,77.9475
64.0,69.1075
63.0,72.11
58.0,55.335
82.0,73.8625
68.0,48.2
86.0,83.9225
68.0,68.2525
73.0,73.7425
58.0,71.4175
95.0,76.85
78.0,71.1325
57.0,67.5825
80.0,73.3725
68.0,68.045
66.0,74.955
55.0,57.6175
90.0,85.7105
55.0,70.81
73.0,70.1975
95.0,89.9075
82.0,71.395
77.0,67.9925
91.0,81.55
73.0,68.0125
76.0,72.0125
80.0,75.72
67.0,68.3475
50.0,55.0225
63.0,71.2675
86.0,74.29
77.0,69.0875
55.0,65.3075
75.0,70.2225
69.0,68.62
66.0,66.135
41.0,71.63
55.0,54.88
51.0,66.86
81.0,76.1325
69.0,56.4325
80.0,76.1775
71.0,71.6875
78.0,81.24
79.0,71.8025
85.0,86.1325
75.0,84.2975
79.0,71.99
80.0,76.285
85.0,70.975
73.0,66.405
69.0,74.1775
86.0,76.1825
56.0,67.8975
70.0,78.57
71.0,64.53
69.0,75.16
73.0,68.0125
62.0,64.075
71.0,75.755
57.0,64.2925
86.0,84.995
75.0,49.975
68.0,69.035
86.0,83.29
77.0,82.2825
58.0,75.6375
53.0,67.0275
69.0,62.7125
45.0,70.065
68.0,74.4675
86.0,77.9725
64.0,69.13
75.0,76.76
68.0,80.2675
83.0,81.8275
85.0,79.9225
70.0,68.1925
54.0,77.605
44.0,67.1075
79.0,64.2
74.0,71.68
68.0,70.53
81.0,75.115
66.0,79.92
81.0,69.63
69.0,64.32
64.0,56.8775
83.0,77.3425
55.0,65.7075
90.0,68.7525
77.0,71.9975
69.0,67.405
67.0,74.87
75.0,72.3225
70.0,70.655
77.0,76.475
83.0,77.0575
63.0,73.01
88.0,87.0575
67.0,68.27
74.0,79.01
77.0,72.0125
91.0,87.885
77.0,77.8025
86.0,73.8225
75.0,71.715
70.0,79.9675
77.0,78.33
80.0,67.645
70.0,61.3725
61.0,76.9825
76.0,78.8625
67.0,71.7425
75.0,76.0425
74.0,84.7575
85.0,76.6225
57.0,65.7475
86.0,72.2625
85.0,61.1
76.0,68.1025
70.0,76.43
66.0,69.095
59.0,62.07
79.0,70.605
65.0,77.4975
76.0,73.8425
83.0,79.685
74.0,74.6875
78.0,75.83
78.0,81.02
76.0,76.4375
67.0,69.3075
73.0,74.305
37.0,55.5625
86.0,74.5
76.0,74.3175
77.0,80.52
89.0,80.055
53.0,56.1775
63.0,62.1975
48.0,55.7325
76.0,69.355
73.0,77.4075
81.0,78.8925
65.0,64.7625
86.0,79.76
37.0,53.855
89.0,81.8825
57.0,71.4125
80.0,79.9525
55.0,71.5675
71.0,76.9575
63.0,73.9475
73.0,74.245
66.0,70.4675
91.0,81.54
82.0,72.785
86.0,81.6475
64.0,70.12
56.0,52.26
39.0,60.9825
83.0,69.8825
74.0,71.1825
74.0,62.1775
61.0,72.235
77.0,70.8625
78.0,72.8925
87.0,80.235
79.0,77.2525
47.0,57.2275
68.0,76.0875
65.0,67.185
72.0,70.045
76.0,71.1825
74.0,75.455
83.0,80.3075
66.0,80.2825
76.0,77.535
67.0,73.2525
91.0,80.1225
70.0,67.04
57.0,57.2
75.0,75.5725
80.0,79.44
79.0,73.6975
63.0,68.97
74.0,69.725
89.0,71.42
90.0,82.2275
79.0,61.765
57.0,65.68
77.0,75.3075
70.0,78.765
51.0,63.6275
73.0,77.025
75.0,73.2275
60.0,68.4375
89.0,79.2875
77.0,71.8675
62.0,77.7625
89.0,79.5925
44.0,63.1925
94.0,85.03
71.0,75.145
75.0,79.6625
69.0,66.5825
48.0,65.055
68.0,75.1275
55.0,66.4425
64.0,63.275
79.0,71.7375
84.0,80.2
51.0,55.415
59.0,69.9375
92.0,83.955
64.0,61.23
67.0,62.2925
70.0,67.45
63.0,72.08
76.0,75.6225
64.0,72.77
64.0,68.7875
79.0,77.15
76.0,74.3425
79.0,70.4225
62.0,69.4575
66.0,69.4575
74.0,80.1075
80.0,77.08
88.0,74.7475
90.0,77.0825
75.0,74.7175
81.0,69.555
48.0,63.7425
56.0,71.4425
62.0,67.845
75.0,75.1375
59.0,64.2325
78.0,72.9275
66.0,62.125
73.0,76.9025
77.0,79.7
87.0,78.6525
75.0,69.63
75.0,70.3275
70.0,70.7875
54.0,70.865
88.0,78.91
67.0,62.5175
78.0,78.4175
80.0,75.09
76.0,70.555
73.0,68.1475
68.0,70.0025
92.0,87.8875
72.0,76.0675
82.0,71.5725
70.0,77.76
83.0,70.945
74.0,70.175
79.0,80.4225
71.0,77.105
85.0,79.8275
70.0,63.835
82.0,74.7
67.0,63.0725
70.0,57.465
49.0,53.525
76.0,65.5125
87.0,80.6525
68.0,59.465
52.0,53.545
65.0,67.3425
86.0,73.75
66.0,58.7425
53.0,76.7825
91.0,81.725
59.0,70.205
95.0,86.975
74.0,69.345
64.0,71.7875
75.0,69.83
80.0,73.7725
73.0,70.605
75.0,72.365
86.0,79.2925
70.0,56.1875
84.0,80.805
81.0,74.495
66.0,73.798
39.0,66.9875
80.0,77.31
75.0,65.1175
70.0,67.3175
81.0,76.58
67.0,59.19
84.0,78.6475
79.0,75.055
84.0,70.0625
67.0,69.905
68.0,75.745
58.0,64.995
59.0,70.8575
87.0,85.025
51.0,70.6325
84.0,69.1475
81.0,78.7225
93.0,88.7575
65.0,65.4125
61.0,74.81
81.0,86.165
82.0,78.6025
78.0,69.94
67.0,73.225
96.0,79.1375
49.0,58.9
65.0,75.025
70.0,67.54
86.0,81.09
79.0,78.7175
64.0,70.845
59.0,66.8075
68.0,68.77
56.0,63.575
73.0,75.9775
60.0,72.8
69.0,73.955
78.0,64.14
79.0,71.63
75.0,72.5575
75.0,58.635
53.0,54.72
25.0,69.255
61.0,70.105
84.0,78.0725
85.0,77.4025
74.0,71.42
58.0,61.7025
70.0,71.565
88.0,81.5025
66.0,69.39
55.0,72.885
70.0,74.4575
66.0,66.8725
63.0,72.115
77.0,78.5625
66.0,63.29
64.0,77.2175
82.0,76.815
72.0,65.6225
90.0,86.315
63.0,67.47
61.0,65.0125
73.0,68.16
72.0,79.48
69.0,63.245
74.0,69.735
62.0,75.4875
70.0,60.7025
80.0,77.735
65.0,59.775
77.0,68.8825
69.0,69.6
67.0,71.2625
78.0,74.805
65.0,60.575
78.0,68.65
70.0,68.015
77.0,74.2825
69.0,77.4425
82.0,69.0125
85.0,68.9225
74.0,58.435
60.0,66.6775
83.0,77.4125
78.0,70.24
66.0,78.05
85.0,75.4425
69.0,70.945
70.0,73.6625
80.0,79.5075
59.0,65.725
74.0,76.9275
73.0,73.8175
82.0,78.3125
57.0,63.1825
84.0,63.685
57.0,63.405
60.0,65.925
57.0,61.02
61.0,69.0475
51.0,65.68
40.0,68.2325
76.0,72.3075
62.0,65.065
50.0,79.54
58.0,72.8325
83.0,78.8125
76.0,61.1675
65.0,67.705
81.0,73.755
55.0,53.6475
74.0,71.26
76.0,79.55
64.0,65.5175
67.0,61.2375
69.0,78.8225
77.0,73.6575
78.0,71.2675
81.0,74.4025
78.0,76.115
69.0,60.6975
48.0,59.785
41.0,55.2225
66.0,72.0825
82.0,76.455
75.0,70.7975
74.0,70.655
60.0,71.9
74.0,67.1875
70.0,75.84
83.0,77.99
67.0,60.6225
87.0,79.3175
75.0,73.585
61.0,70.7425
75.0,72.305
85.0,79.7
90.0,84.695
81.0,76.9225
70.0,68.6475
77.0,78.87
81.0,76.0925
78.0,72.11
66.0,56.0525
67.0,70.7225
54.0,67.7325
35.0,58.8625
77.0,73.265
63.0,65.81
63.0,66.565
84.0,72.9975
80.0,86.2825
75.0,67.2975
58.0,46.5975
81.0,76.4625
68.0,68.7925
75.0,61.7125
68.0,67.5125
71.0,61.165
85.0,74.66
62.0,65.51
37.0,58.2875
55.0,70.06
73.0,71.2475
66.0,73.145
89.0,77.43
72.0,70.5275
90.0,80.31
44.0,61.09
74.0,72.575
73.0,70.7575
80.0,61.03
77.0,78.1275
65.0,74.07
77.0,78.3425
56.0,67.955
93.0,85.585
65.0,69.64
65.0,69.385
54.0,63.005
88.0,75.605
72.0,62.6725
67.0,68.2725
77.0,69.215
85.0,81.55
67.0,72.9925
68.0,69.12
70.0,78.8825
42.0,57.485
78.0,75.5775
74.0,72.69
62.0,70.995
61.0,79.3025
82.0,71.6775
81.0,75.495
84.0,76.685
63.0,74.365
75.0,69.89
77.0,78.63
83.0,69.2975
66.0,71.865
75.0,74.43
85.0,75.3175
79.0,78.4975
74.0,78.5875
73.0,68.265
78.0,63.4775
75.0,74.17
70.0,67.465
73.0,71.725
92.0,83.8825
67.0,65.55
90.0,75.3225
48.0,61.755
73.0,73.1925
44.0,72.0375
81.0,77.7175
72.0,60.67
72.0,75.0725
60.0,71.5275
63.0,62.325
75.0,79.13
87.0,78.6775
77.0,74.02
49.0,54.7925
73.0,75.195
78.0,71.675
64.0,68.8725
81.0,72.02
69.0,64.1125
70.0,66.74
78.0,62.8325
79.0,73.72
66.0,64.8275
72.0,73.7275
25.0,53.7025
77.0,81.145
86.0,77.9975
71.0,70.09
76.0,77.5325
66.0,57.7825
80.0,71.2425
76.0,62.655
73.0,71.49
78.0,72.0925
46.0,66.6075
86.0,76.3875
56.0,68.47
72.0,76.1375
83.0,85.1975
73.0,72.7875
49.0,68.62
24.0,59.08
61.0,76.8725
87.0,77.585
53.0,64.105
69.0,73.03
54.0,66.5175
84.0,79.165
44.0,71.52
73.0,71.595
61.0,73.9325
70.0,71.6
51.0,67.105
79.0,78.19
78.0,74.515
38.0,45.6925
70.0,76.7875
68.0,68.555
81.0,79.1275
67.0,69.28
80.0,75.755
82.0,84.9975
52.0,59.885
53.0,63.5325
45.0,63.5525
80.0,74.3375
75.0,81.3225
54.0,66.545
71.0,76.23
81.0,75.1075
48.0,56.13
61.0,65.6825
62.0,65.335
45.0,46.8725
82.0,74.7075
78.0,76.4225
76.0,82.4875
49.0,61.2875
59.0,59.5325
75.0,70.4975
72.0,71.2825
61.0,66.1625
77.0,75.365
71.0,65.385
56.0,66.7975
74.0,73.3425
56.0,58.5275
74.0,67.2525
81.0,79.125
63.0,64.9525
31.0,60.4925
75.0,74.5925
81.0,82.57
66.0,65.07
73.0,71.78
75.0,70.6325
47.0,73.2175
48.0,52.225
95.0,89.5725
67.0,78.8725
89.0,85.3375
82.0,77.9675
84.0,73.3725
53.0,62.1125
64.0,73.5725
78.0,75.865
47.0,52.495
49.0,57.9725
56.0,55.84
35.0,55.5475
75.0,77.0
63.0,77.2625
70.0,69.895
59.0,49.925
73.0,76.655
83.0,70.1375
72.0,73.175
63.0,75.95
58.0,65.945
67.0,77.03
75.0,71.165
63.0,63.1225
43.0,72.81
78.0,72.3325
42.0,53.815
68.0,80.8775
81.0,72.3075
92.0,84.7175
67.0,74.35
73.0,76.675
68.0,55.9725
74.0,79.815
54.0,60.105
72.0,67.5775
73.0,71.69
73.0,72.1825
84.0,80.6125
93.0,73.545
65.0,73.2575
73.0,73.675
66.0,65.44
78.0,63.495
79.0,71.11
83.0,82.785
30.0,41.97
58.0,75.35
83.0,76.95
66.0,85.13
67.0,65.125
26.0,55.05
62.0,74.2825
86.0,79.905
66.0,66.52
73.0,73.9425
56.0,70.4825
88.0,83.67
69.0,67.6825
70.0,74.81
85.0,77.03
51.0,56.075
79.0,72.1225
69.0,69.4925
58.0,62.895
75.0,64.5175
90.0,86.0175
74.0,76.71
79.0,69.1725
66.0,63.7525
72.0,78.66
53.0,65.905
83.0,70.8125
50.0,57.415
47.0,60.59
82.0,82.2725
64.0,68.9375
54.0,56.45
79.0,68.1025
61.0,60.91
75.0,73.4175
79.0,76.9
48.0,71.925
92.0,89.86
42.0,43.79
55.0,65.01
61.0,68.3375
68.0,73.6125
78.0,75.335
69.0,64.68
59.0,65.6825
68.0,62.74
70.0,76.3275
77.0,67.3
64.0,65.3225
79.0,82.885
89.0,85.365
70.0,65.6
78.0,76.9475
68.0,71.8075
62.0,67.27
70.0,80.0
85.0,81.0625
85.0,74.2925
47.0,49.735
69.0,72.8975
69.0,72.1525
82.0,69.365
83.0,76.375
80.0,70.59
71.0,67.0525
49.0,51.9775
82.0,68.1275
76.0,61.7375
63.0,74.0975
77.0,73.9625
53.0,75.145
72.0,74.8325
64.0,67.26
89.0,86.2625
75.0,76.33
86.0,80.7925
81.0,79.7125
58.0,69.14
59.0,58.47
81.0,80.7025
73.0,70.6375
59.0,74.52
90.0,77.145
83.0,81.775
65.0,78.0675
86.0,84.865
80.0,80.0125
73.0,75.8225
56.0,65.735
73.0,77.97
75.0,73.6575
49.0,69.1425
82.0,84.7925
80.0,81.3075
49.0,55.7525
73.0,71.5425
78.0,66.7975
94.0,73.185
71.0,71.025
69.0,75.1675
71.0,69.41
50.0,71.5075
72.0,69.9975
67.0,71.5875
65.0,63.07
61.0,68.475
56.0,66.855
72.0,69.765
82.0,78.9125
55.0,61.4175
80.0,73.865
75.0,70.2475
66.0,67.0332261904762
48.0,66.0025
75.0,75.54
54.0,68.395
67.0,65.24
71.0,70.7975
66.0,69.455
81.0,76.3375
75.0,74.69
80.0,72.88
83.0,75.0875
82.0,81.8275
78.0,66.54
80.0,78.0125
67.0,70.1075
58.0,81.9975
79.0,74.2225
72.0,73.375
79.0,75.0925
92.0,87.845
72.0,64.355
49.0,63.24
59.0,61.7225
51.0,67.75
71.0,63.2825
62.0,72.2
71.0,68.595
67.0,69.385
54.0,61.535
79.0,80.785
87.0,72.4075
58.0,63.9825
80.0,80.1725
85.0,80.5675
60.0,76.975
66.0,74.1525
76.0,73.4225
72.0,72.9475
62.0,73.955
79.0,70.115
69.0,74.23
79.0,72.1825
82.0,75.7725
66.0,68.63
66.0,55.7725
43.0,62.4925
80.0,70.1875
80.0,73.655
74.0,71.4225
73.0,75.88
77.0,78.37
70.0,79.78
69.0,70.6925
82.0,74.9825
64.0,76.67
66.0,76.6675
63.0,60.715
69.0,68.88
74.0,64.8475
62.0,74.0575
79.0,76.46
45.0,64.0625
83.0,81.02
83.0,67.9875
75.0,62.995
70.0,72.0075
75.0,77.1525
94.0,88.12
72.0,76.2275
69.0,75.5025
66.0,73.2525
69.0,73.89
74.0,74.0925
81.0,73.1225
86.0,82.3375
72.0,71.7125
75.0,77.9325
81.0,75.51
62.0,63.3575
77.0,72.1225
74.0,72.23
77.0,79.8575
53.0,69.915
62.0,70.825
92.0,89.215
42.0,56.89
49.0,75.96
85.0,78.3475
68.0,68.095
73.0,70.0775
48.0,72.62
71.0,66.7175
65.0,68.78
65.0,80.305
71.0,76.1975
86.0,74.84
49.0,66.1975
82.0,69.4525
74.0,70.8375
78.0,68.725
68.0,58.47
85.0,85.575
86.0,79.79
88.0,81.1075
84.0,77.28
59.0,69.5825
76.0,76.585
78.0,66.5425
86.0,85.0075
78.0,72.8225
51.0,57.4525
79.0,70.315
76.0,69.565
75.0,68.3825
65.0,71.02
89.0,83.1575
87.0,78.7175
88.0,81.13
79.0,79.48
74.0,65.39
63.0,63.0575
73.0,76.9675
84.0,64.4125
77.0,75.8825
68.0,73.3925
82.0,79.075
86.0,76.325
73.0,74.6275
78.0,77.8175
91.0,82.525
68.0,73.5575
71.0,69.885
78.0,76.8175
81.0,61.9625
71.0,70.6925
69.0,62.4875
60.0,68.5
76.0,77.47275
62.0,67.0275
73.0,71.355
80.0,84.2225
61.0,65.75
64.0,74.62
82.0,78.98
71.0,71.1575
72.0,64.64
80.0,70.905
52.0,58.385
59.0,68.9375
77.0,72.79
77.0,86.6
74.0,73.84
74.0,69.4425
81.0,73.29
81.0,73.46
87.0,79.945
61.0,64.155
73.0,68.935
69.0,77.73
77.0,65.4475
32.0,33.9125
70.0,68.345
76.0,76.92
65.0,69.195
67.0,71.9875
66.0,74.1275
69.0,77.45
40.0,43.835
78.0,71.9525
71.0,59.7375
77.0,71.725
40.0,60.9
71.0,64.905
75.0,72.3075
67.0,74.92
69.0,73.245
76.0,78.465
72.0,66.275
56.0,57.2975
75.0,68.0475
70.0,71.305
78.0,73.08
84.0,73.4
46.0,58.43
76.0,69.7775
68.0,81.245
73.0,79.6575
68.0,68.725
78.0,72.375
85.0,76.3675
49.0,65.875
75.0,79.98
78.0,68.7825
89.0,81.5175
74.0,72.5025
45.0,56.9275
55.0,63.925
63.0,72.9625
78.0,75.2775
86.0,79.6925
69.0,69.5625
67.0,68.205
75.0,63.525
73.0,76.9375
58.0,57.75
34.0,69.1075
69.0,66.11
86.0,77.375
82.0,78.1975
79.0,75.8925
65.0,65.1125
69.0,76.2875
72.0,74.145
73.0,74.2725
57.0,62.32
46.0,63.9125
79.0,74.875
77.0,74.1775
66.0,61.4525
54.0,64.1725
54.0,62.105
62.0,65.875
65.0,75.4075
66.0,61.83
78.0,77.81
78.0,67.9125
78.0,70.0975
70.0,64.1575
62.0,67.9475
63.0,70.7825
58.0,58.8325
53.0,73.47
85.0,73.4075
58.0,77.6425
86.0,88.0925
73.0,62.0025
62.0,65.0
84.0,77.085
69.0,69.4075
85.0,79.515
41.0,54.2
67.0,76.4025
48.0,62.66
86.0,78.405
80.0,81.2825
68.0,71.355
63.0,54.01
70.0,72.5925
77.0,67.89
78.0,69.795
69.0,74.61
67.0,61.0375
76.0,81.42
51.0,50.01
80.0,77.4475
72.0,77.595
61.0,58.165
77.0,78.1875
71.0,68.8875
85.0,77.5475
69.0,71.715
83.0,77.195
79.0,78.1325
53.0,59.765
84.0,79.3
64.0,59.8875
71.0,70.7975
50.0,66.4
59.0,73.4175
66.0,71.41
60.0,63.165
60.0,72.2275
80.0,71.91
84.0,75.275
64.0,74.52
61.0,72.7075
88.0,76.7075
71.0,83.765
84.0,82.615
66.0,63.2875
88.0,85.5675
58.0,74.3875
77.0,77.535
65.0,73.1725
80.0,69.2575
74.0,69.7275
79.0,74.5475
60.0,63.865
76.0,75.6575
87.0,79.945
39.0,52.9025
84.0,83.9375
76.0,71.68
75.0,73.635
64.0,75.62
74.0,69.4825
82.0,67.53
88.0,84.8425
77.0,68.955
74.0,79.6125
71.0,74.2175
78.0,74.7825
49.0,68.65
70.0,69.23
63.0,71.81
78.0,75.71
75.0,68.725
56.0,71.21
63.0,69.945
70.0,62.5575
63.0,64.8125
58.0,66.5525
54.0,54.3425
82.0,75.9275
59.0,65.57
53.0,63.925
63.0,65.82
72.0,65.6225
53.0,73.4875
81.0,84.6475
88.0,73.235
72.0,71.3225
73.0,68.3325
67.0,71.6675
83.0,68.385
78.0,72.66
72.0,64.41
85.0,81.38
72.0,63.0425
74.0,69.0275
79.0,70.96
87.0,83.33
82.0,77.4625
91.0,86.735
70.0,71.2875
57.0,63.945
67.0,70.87
54.0,57.02
82.0,78.5425
59.0,63.8925
73.0,64.7775
70.0,64.5525
69.0,64.885
71.0,69.2075
78.0,63.19
69.0,67.82
72.0,67.66
79.0,71.1925
50.0,56.3375
73.0,70.16
67.0,70.68
75.0,72.835
80.0,71.29
84.0,78.2875
62.0,69.1475
82.0,71.3125
56.0,61.6725
77.0,70.48
77.0,66.95
62.0,82.0
75.0,75.1375
86.0,82.165
80.0,77.5675
78.0,69.635
68.0,74.0625
78.0,76.685
72.0,72.24
73.0,68.6975
82.0,74.475
59.0,69.5125
60.0,58.95
79.0,76.155
82.0,74.1675
67.0,72.26
84.0,78.3375
67.0,75.16
78.0,72.8525
82.0,78.1125
75.0,78.33
71.0,66.1275
65.0,65.53
58.0,70.735
66.0,67.2875
46.0,62.5575
73.0,68.39
67.0,68.97
65.0,69.1975
79.0,64.4925
90.0,76.68
83.0,75.5525
78.0,70.4525
80.0,68.6875
73.0,73.4975
40.0,57.375
78.0,65.5275
83.0,70.5425
84.0,77.8625
82.0,70.1625
61.0,67.6225
50.0,65.5275
90.0,84.5
80.0,74.67
47.0,63.835
55.0,77.5175
68.0,49.5775
68.0,69.225
73.0,67.5175
75.0,72.38
64.0,61.1325
74.0,71.6375
63.0,61.46
71.0,69.2675
53.0,62.745
73.0,71.37
39.0,61.5575
75.0,72.7175
76.0,65.925
66.0,75.5625
66.0,63.8375
88.0,75.9725
66.0,65.5025
77.0,66.505
61.0,58.94
65.0,72.135
81.0,73.5425
82.0,78.3
56.0,72.88
68.0,62.76
62.0,77.01
68.0,68.595
74.0,79.035
82.0,81.3925
86.0,82.17
62.0,77.7
73.0,81.4275
86.0,78.2525
78.0,79.07
83.0,77.9025
72.0,71.5325
76.0,78.2725
70.0,57.74
76.0,70.45
85.0,82.5825
75.0,76.92
66.0,74.215
90.0,80.58
74.0,76.7575
48.0,60.4925
87.0,73.4425
56.0,67.3825
52.0,63.265
85.0,83.7075
62.0,65.6575
80.0,68.6925
75.0,74.5975
79.0,62.05
74.0,68.05864285714286
67.0,68.8775
81.0,69.2475
82.0,80.5575
76.0,72.3225
58.0,69.5975
57.0,56.2825
77.0,77.14
70.0,66.1925
69.0,70.365
72.0,75.5075
71.0,65.0975
83.0,80.2475
83.0,75.7575
80.0,79.775
79.0,74.7425
78.0,75.135
55.0,66.31
79.0,75.6775
73.0,74.9625
73.0,73.43
50.0,41.6825
60.0,72.2575
45.0,53.06
79.0,83.6325
77.0,70.435
80.0,80.485
79.0,79.1475
63.0,67.53
74.0,73.095
84.0,73.865
66.0,83.1225
77.0,74.0275
82.0,73.305
79.0,68.5425
77.0,70.615
66.0,67.1075
60.0,62.355
65.0,64.9225
75.0,72.5625
85.0,75.155
55.0,64.4375
70.0,70.03
75.0,75.825
88.0,80.5175
83.0,74.9125
81.0,81.845
55.0,57.84
68.0,63.52
84.0,79.8175
68.0,71.3575
76.0,72.3725
82.0,66.325
66.0,75.69
53.0,64.9925
78.0,74.3125
71.0,64.43
54.0,64.475
25.0,61.9475
83.0,83.17
82.0,80.2825
73.0,69.5225
72.0,68.8075
77.0,68.3
66.0,71.1625
81.0,64.98
87.0,77.6675
83.0,68.535
49.0,67.1575
70.0,71.215
91.0,78.47
79.0,70.02
80.0,79.7425
83.0,82.2175
83.0,81.7925
60.0,69.0525
77.0,77.1775
76.0,80.585
77.0,49.8075
72.0,76.235
74.0,77.3225
59.0,66.635
52.0,66.56
68.0,69.48
83.0,76.0325
83.0,70.98
28.0,37.645
77.0,72.445
59.0,52.52
91.0,86.0525
60.0,70.2875
79.0,67.77
71.0,63.9525
55.0,62.585
48.0,75.0225
77.0,70.995
78.0,68.555
59.0,69.2625
62.0,67.14
75.0,78.07
65.0,69.4225
68.0,71.6925
55.0,58.99
82.0,81.34
78.0,76.21
85.0,74.51
35.0,58.9125
64.0,73.725
71.0,73.58
80.0,79.74
81.0,72.6675
76.0,69.8075
37.0,44.4975
69.0,67.98
83.0,76.95
81.0,73.745
63.0,68.17
82.0,71.8825
71.0,63.665
79.0,73.1675
58.0,63.38
83.0,85.4875
63.0,68.5825
67.0,76.885
47.0,64.62
74.0,67.6275
67.0,74.38
72.0,69.4975
78.0,74.4125
79.0,74.9525
75.0,74.915
80.0,71.395
54.0,64.3275
77.0,68.56
90.0,85.8125
75.0,80.48
71.0,70.27
64.0,66.96
76.0,75.6125
56.0,48.4375
56.0,67.53
67.0,73.335
70.0,71.195
80.0,63.2025
72.0,77.0625
61.0,62.57
84.0,81.35
84.0,76.6475
43.0,52.745
73.0,72.4325
47.0,79.4325
83.0,63.165
85.0,76.68
74.0,71.2325
69.0,63.0
79.0,74.3675
79.0,75.11
67.0,72.0975
80.0,81.3725
66.0,70.585
71.0,72.0025
76.0,68.8575
75.0,77.18
54.0,69.6575
69.0,59.8275
65.0,78.4275
83.0,77.905
72.0,70.2525
73.0,74.3325
43.0,61.77
79.0,68.1325
68.0,76.305
85.0,76.4625
45.0,65.7525
81.0,67.995
86.0,82.435
86.0,79.4275
86.0,74.095
72.0,68.765
86.0,69.5825
92.0,86.72
81.0,76.2775
66.0,71.49
59.0,58.3925
80.0,80.415
86.0,79.2975
79.0,68.0575
62.0,61.545
65.0,72.0225
76.0,72.2425
71.0,75.81
79.0,62.33
82.0,78.6225
78.0,72.4625
68.0,75.905
48.0,59.765
84.0,82.9075
78.0,63.5725
60.0,62.6675
90.0,81.355
89.0,76.2775
81.0,79.2175
57.0,73.9475
72.0,67.9125
62.0,63.465
69.0,70.555
85.0,79.5525
87.0,87.1125
66.0,67.99
74.0,69.82
72.0,62.0475
89.0,81.595
71.0,67.2075
70.0,65.0775
71.0,69.9125
81.0,76.7
63.0,63.7775
78.0,79.515
67.0,57.1475
57.0,70.5975
83.0,81.4825
80.0,78.2625
77.0,77.7525
87.0,81.35
74.0,65.18
82.0,84.7075
76.0,76.1875
75.0,69.535
74.0,73.69
62.0,60.1175
80.0,71.0625
71.0,68.4075
85.0,77.025
72.0,72.69
59.0,73.03
59.0,56.6325
75.0,68.3725
72.0,79.125
77.0,70.245
66.0,77.61
65.0,66.26
69.0,69.0825
81.0,71.8725
77.0,73.91
72.0,70.6375
80.0,65.395
76.0,64.5
75.0,76.3475
79.0,74.03
74.0,76.6675
76.0,60.4075
61.0,70.215
54.0,65.4625
74.0,69.2225
72.0,76.44
58.0,71.845
89.0,82.2725
77.0,71.6625
73.0,73.095
63.0,67.7
78.0,67.6975
82.0,75.605
65.0,65.9525
69.0,70.43
69.0,69.715
77.0,70.2775
71.0,73.295
79.0,78.1525
68.0,69.89
79.0,75.9725
77.0,73.3125
88.0,78.6075
47.0,65.69
54.0,68.605
71.0,69.3225
87.0,77.035
69.0,74.725
37.0,42.6875
82.0,68.2825
80.0,79.18
82.0,75.0375
68.0,75.685
57.0,61.375
69.0,62.89
67.0,62.65
58.0,61.0
66.0,72.635
80.0,76.9475
54.0,62.7325
39.0,37.3875
68.0,38.2975
84.0,70.265
80.0,71.11
69.0,68.0525
81.0,81.89
84.0,80.165
63.0,62.11
88.0,68.9875
87.0,68.975
80.0,79.55
50.0,56.6925
40.0,54.855
70.0,63.1925
76.0,80.0925
58.0,46.2875
74.0,77.3375
50.0,58.9
36.0,46.1175
32.0,41.355
61.0,68.0625
67.0,75.845
70.0,68.06
75.0,77.2875
71.0,69.1025
83.0,79.38
80.0,80.095
87.0,80.545
72.0,71.09
57.0,69.4925
77.0,73.9175
77.0,68.625
79.0,69.075
82.0,84.8825
67.0,67.5875
86.0,70.485
77.0,84.9575
76.0,76.4825
79.0,77.06
65.0,76.0175
73.0,69.135
77.0,63.9525
62.0,73.665
58.0,68.47
59.0,75.6775
86.0,86.775
86.0,81.345
71.0,68.6
75.0,73.36
81.0,75.9475
47.0,52.305
60.0,64.855
34.0,69.005
79.0,75.47
68.0,71.965
80.0,73.1875
74.0,82.385
53.0,68.395
62.0,68.3425
65.0,72.5975
56.0,73.8225
80.0,69.7525
82.0,77.2575
71.0,67.2225
76.0,68.5975
76.0,73.505
77.0,79.955
69.0,63.8075
66.0,66.385
82.0,83.4125
81.0,80.465
84.0,70.055
80.0,79.8
84.0,82.3025
61.0,63.27
80.0,78.9475
65.0,76.4425
76.0,74.12
45.0,51.0475
69.0,72.62
85.0,83.7025
56.0,61.2525
74.0,71.5875
76.0,65.3925
80.0,81.355
57.0,73.0175
78.0,78.5725
73.0,76.35
84.0,76.4175
86.0,80.015
78.0,80.6825
80.0,77.2075
75.0,69.9325
61.0,63.605
81.0,72.1625
80.0,64.325
79.0,79.375
70.0,75.6275
69.0,76.075
62.0,72.9925
81.0,79.2575
70.0,69.897
68.0,65.825
69.0,68.8925
68.0,58.285
72.0,71.305
74.0,73.4025
80.0,75.62
69.0,81.28
68.0,80.695
59.0,62.905
73.0,88.4475
73.0,72.0125
90.0,68.1725
91.0,89.605
70.0,62.1275
39.0,48.08
81.0,75.9775
63.0,63.4725
88.0,83.1225
45.0,60.19
74.0,63.9525
77.0,79.6375
75.0,75.195
72.0,73.8625
77.0,69.6725
87.0,87.9525
50.0,66.7325
83.0,73.2475
66.0,67.7575
38.0,62.4975
69.0,73.59
56.0,64.145
67.0,66.4125
77.0,73.3175
65.0,60.0075
70.0,71.1125
76.0,76.2025
53.0,67.9425
63.0,70.5725
56.0,63.21
60.0,68.81
81.0,79.47
91.0,89.065
68.0,63.9525
88.0,77.5225
63.0,71.8925
69.0,63.91
72.0,62.435
61.0,63.9225
74.0,72.89
66.0,64.2225
73.0,65.335
57.0,67.0125
83.0,77.97
68.0,67.435
61.0,69.7725
74.0,76.8375
67.0,78.12
61.0,71.9675
60.0,71.7125
69.0,57.095
83.0,80.0125
59.0,64.185
50.0,54.805
59.0,40.395
66.0,72.195
77.0,71.56
61.0,67.04
65.0,69.825
79.0,71.825
61.0,72.23
84.0,87.5875
70.0,73.08
70.0,63.575
80.0,73.625
66.0,68.3025
57.0,60.2675
76.0,71.8625
79.0,76.4175
77.0,72.2775
78.0,78.865
79.0,66.6425
81.0,68.655
74.0,72.4975
61.0,70.4675
72.0,72.9175
73.0,73.1575
67.0,72.9275
52.0,71.705
70.0,69.77
56.0,65.0475
72.0,72.705
56.0,71.235
48.0,46.195
71.0,73.845
80.0,86.125
81.0,77.955
76.0,66.715
75.0,63.165
84.0,71.4575
61.0,64.845
83.0,69.31
52.0,56.8375
59.0,74.335
49.0,55.23
72.0,73.1825
47.0,66.9925
63.0,64.615
68.0,74.505
88.0,79.0975
51.0,63.4825
64.0,71.85
76.0,65.9
70.0,76.5875
49.0,66.695
72.0,68.0575
80.0,69.665
83.0,78.2025
74.0,80.65
58.0,63.7025
77.0,76.3425
66.0,68.325
60.0,66.335
87.0,76.76
77.0,81.7625
77.0,70.5425
75.0,77.5625
74.0,68.25
59.0,71.27
80.0,78.2025
38.0,59.77
88.0,55.4425
81.0,78.5475
62.0,66.8525
72.0,65.6425
83.0,77.84
71.0,71.015
58.0,59.74
58.0,69.9325
56.0,55.5975
51.0,56.1275
84.0,78.9575
69.0,69.0725
68.0,73.425
82.0,74.8025
72.0,81.08
87.0,78.135
71.0,64.9325
85.0,81.595
74.0,69.0425
77.0,76.6475
50.0,61.3725
81.0,80.9175
81.0,60.665
85.0,78.24
53.0,64.7
64.0,75.9625
79.0,76.2475
66.0,74.5425
85.0,78.59
60.0,64.185
58.0,72.3425
57.0,59.6425
71.0,68.01
48.0,55.2
71.0,67.145
78.0,71.0025
83.0,85.5625
73.0,76.85
75.0,75.615
63.0,74.0325
60.0,59.3175
77.0,72.0025
59.0,56.985
77.0,73.6025
94.0,90.55
80.0,77.44
75.0,78.775
90.0,79.2875
40.0,56.3775
92.0,73.67
77.0,68.5725
72.0,75.1375
63.0,70.8625
81.0,77.2925
84.0,71.4025
66.0,68.7375
78.0,70.195
78.0,80.3125
89.0,82.41
84.0,80.1625
68.0,67.4125
79.0,71.7275
66.0,63.525
85.0,78.8125
81.0,74.94
73.0,61.8325
88.0,85.475
74.0,74.7475
66.0,63.5925
68.0,73.095
69.0,78.2575
73.0,74.5575
84.0,62.32
57.0,65.7025
68.0,75.9825
77.0,73.2575
92.0,70.635
79.0,67.2925
46.0,64.42
56.0,79.9025
89.0,77.225
67.0,73.445
84.0,76.5875
71.0,75.7625
84.0,87.32
52.0,63.3725
75.0,66.4025
79.0,62.75
77.0,69.7325
60.0,75.5475
78.0,72.97
76.0,70.605
77.0,70.885
75.0,72.94
63.0,71.38
63.0,64.9075
40.0,62.685
79.0,80.3225
62.0,72.2125
79.0,67.4325
80.0,78.705
76.0,73.8025
50.0,59.1075
76.0,66.9425
54.0,62.255
52.0,70.585
70.0,68.345
76.0,72.2825
72.0,52.785
78.0,80.6175
79.0,81.205
71.0,58.0525
68.0,77.375
77.0,69.435
79.0,69.94
76.0,75.99
82.0,82.4
78.0,76.76
88.0,87.3825
82.0,79.4375
72.0,73.1375
74.0,59.9
71.0,72.98
86.0,76.88
83.0,80.635
45.0,55.0
68.0,71.0325
77.0,72.055
75.0,73.4975
78.0,71.0025
34.0,61.725
81.0,77.3275
82.0,81.2225
68.0,66.1775
76.0,79.4225
39.0,46.9775
81.0,80.01
68.0,65.3975
55.0,58.4225
79.0,73.17
60.0,70.5275
79.0,74.07
83.0,74.355
71.0,71.6625
93.0,75.6075
85.0,82.775
73.0,67.5125
67.0,64.52
68.0,74.955
80.0,70.43
71.0,69.47
72.0,67.8875
83.0,78.3925
81.0,52.5375
68.0,70.36
80.0,70.5975
72.0,72.805
43.0,62.69
81.0,64.7175
77.0,71.425
79.0,75.2225
56.0,55.95
64.0,75.01
64.0,69.43
87.0,74.7
45.0,45.67
71.0,69.575
66.0,71.64
73.0,79.7475
84.0,72.93
83.0,64.6375
68.0,68.355
61.0,74.7375
78.0,76.64
81.0,75.8025
86.0,68.815
60.0,64.805
82.0,77.0075
88.0,83.405
77.0,64.1875
85.0,76.2475
78.0,76.51
90.0,78.4975
66.0,56.41
73.0,81.4325
84.0,70.0625
81.0,80.6025
62.0,71.7025
70.0,71.2075
28.0,42.7975
59.0,71.7
78.0,74.6175
74.0,69.33
75.0,80.615
71.0,70.7
76.0,72.3575
72.0,76.225
71.0,73.5725
62.0,60.4025
64.0,59.415
54.0,41.59
75.0,76.37
91.0,81.9275
87.0,79.5375
91.0,90.085
49.0,60.91
59.0,70.4575
74.0,70.5125
69.0,68.8675
79.0,70.3725
65.0,70.05
46.0,63.64
77.0,68.8575
63.0,69.57
69.0,66.4075
89.0,77.6625
79.0,71.0125
77.0,71.4175
92.0,80.46
73.0,75.18
58.0,66.3125
78.0,76.46
75.0,70.6275
79.0,80.745
85.0,81.3325
52.0,57.865
65.0,63.355
81.0,78.15
79.0,62.3725
63.0,73.135
68.0,66.135
48.0,55.615
87.0,82.08
80.0,74.695
72.0,71.54
62.0,67.5725
83.0,75.48
58.0,72.5675
71.0,71.675
71.0,67.2625
85.0,72.4225
76.0,73.3975
78.0,76.925
81.0,80.15
76.0,76.6175
58.0,71.24
49.0,60.245
77.0,76.45
65.0,71.6825
81.0,79.5925
69.0,68.2775
59.0,71.12
76.0,71.01
77.0,75.2975
77.0,74.9375
73.0,76.235
49.0,52.9825
64.0,64.805
50.0,61.035
68.0,70.895
74.0,76.7175
68.0,74.2375
54.0,60.7725
69.0,77.58
84.0,80.245
80.0,78.82
76.0,70.23
62.0,55.685
68.0,69.76
81.0,79.0625
74.0,78.4925
62.0,68.4825
74.0,69.995
78.0,80.42
63.0,73.7875
64.0,63.7475
84.0,77.1425
36.0,63.6325
79.0,78.2775
77.0,74.3875
81.0,79.315
89.0,84.5725
63.0,67.04
79.0,77.04
67.0,63.3325
81.0,77.0125
91.0,87.9025
80.0,75.79
84.0,73.485
80.0,80.155
69.0,77.435
90.0,77.47
59.0,65.335
79.0,70.225
37.0,49.9475
64.0,74.045
43.0,42.3575
57.0,54.43
72.0,73.9825
84.0,81.61
74.0,77.8725
73.0,69.4025
72.0,72.64
78.0,70.7025
76.0,80.3525
64.0,62.6125
74.0,73.3025
80.0,79.1625
71.0,77.6375
57.0,74.9175
56.0,69.52
69.0,70.855
79.0,80.895
94.0,85.6625
56.0,55.255
32.0,44.62
48.0,68.075
50.0,71.7425
61.0,74.8275
43.0,64.0725
82.0,77.3725
75.0,76.8825
68.0,73.48
79.0,55.4125
97.0,88.33
75.0,80.3275
75.0,74.6425
82.0,80.5225
79.0,68.7575
76.0,67.8375
75.0,72.165
77.0,65.06
77.0,76.065
70.0,73.9275
78.0,78.3425
70.0,63.74
79.0,68.3125
70.0,72.86
67.0,65.3725
86.0,78.165
77.0,73.4625
73.0,76.52
88.0,81.835
74.0,73.545
85.0,74.1075
90.0,77.21
53.0,44.585
64.0,62.2775
62.0,68.425
72.0,66.185
77.0,77.065
64.0,61.3625
74.0,67.615
54.0,52.785
67.0,60.07
72.0,60.2575
63.0,64.7475
39.0,61.545
35.0,54.19
55.0,67.7875
75.0,78.4875
67.0,75.75
46.0,72.0825
26.0,58.62
58.0,60.795
64.0,72.08
66.0,77.41
81.0,76.2125
73.0,69.29
67.0,62.495
74.0,69.1
94.0,86.54
65.0,63.0975
90.0,68.9425
79.0,79.6975
35.0,70.13
75.0,68.935
72.0,75.9575
86.0,70.61
90.0,88.5025
75.0,71.085
79.0,79.7225
89.0,78.2175
94.0,83.985
67.0,62.4975
70.0,71.0525
62.0,73.005
68.0,69.6525
77.0,74.6175
75.0,65.4
79.0,73.955
52.0,68.25
75.0,74.9625
82.0,75.9475
70.0,66.6975
71.0,80.7825
40.0,52.41
82.0,72.7775
75.0,72.9575
85.0,68.65
75.0,77.6825
89.0,72.5575
67.0,62.9075
61.0,67.2575
41.0,63.1425
56.0,66.7225
67.0,68.3775
71.0,77.145
62.0,71.7125
68.0,70.855
55.0,65.93
60.0,64.2475
81.0,84.485
55.0,43.795
77.0,75.9
74.0,71.485
71.0,71.39
76.0,80.365
77.0,76.62
86.0,79.47
75.0,73.0025
76.0,81.3
62.0,74.66
79.0,71.0075
55.0,72.3675
62.0,67.0775
71.0,68.94
83.0,81.2775
82.0,76.83
83.0,68.9125
55.0,66.62
63.0,64.41
56.0,64.5425
77.0,76.8575
71.0,61.06
80.0,77.65
65.0,62.5425
60.0,74.4325
68.0,64.25
72.0,70.1925
78.0,78.5325
63.0,79.6325
54.0,60.9875
91.0,79.6
71.0,63.9475
72.0,73.145
81.0,73.28
77.0,74.04
84.0,79.8675
63.0,58.4775
68.0,63.23
82.0,68.1275
77.0,74.8
71.0,80.7725
84.0,70.235
49.0,53.615
68.0,73.32
47.0,60.64
63.0,62.1025
79.0,71.6725
74.0,76.2
61.0,64.7425
65.0,64.73
36.0,43.12
74.0,76.7125
56.0,75.5775
75.0,72.3625
70.0,69.6975
63.0,74.43
72.0,60.0675
50.0,64.35
68.0,75.675
74.0,78.5375
83.0,71.09
75.0,64.4075
58.0,62.27
56.0,70.4425
76.0,78.055
80.0,70.4075
73.0,71.1625
83.0,80.7125
59.0,79.51
67.0,68.075
76.0,74.8825
63.0,73.89
86.0,86.185
76.0,77.985
58.0,53.8675
79.0,69.5225
68.0,72.48
60.0,69.0175
73.0,65.1625
83.0,81.0425
72.0,70.35
82.0,69.525
75.0,71.265
74.0,64.53
81.0,80.4
65.0,71.2725
71.0,70.0375
85.0,78.29
43.0,61.345
72.0,68.975
60.0,66.27
75.0,78.7125
84.0,77.5925
54.0,56.3475
48.0,67.91
84.0,55.45
73.0,71.7275
80.0,78.9875
71.0,79.4275
64.0,72.0675
69.0,68.655
60.0,64.4425
73.0,75.9075
43.0,66.0275
69.0,67.265
79.0,74.3625
66.0,75.1975
52.0,63.77
79.0,75.9825
79.0,82.5375
64.0,70.2325
85.0,83.875
44.0,56.68
74.0,73.7325
80.0,80.7425
55.0,55.6925
73.0,62.5225
66.0,62.8475
81.0,79.875
74.0,72.245
82.0,63.945
65.0,71.965
72.0,69.98
79.0,77.2575
69.0,75.4975
68.0,71.08
50.0,66.6325
66.0,64.65
76.0,78.6225
81.0,68.605
65.0,61.1125
69.0,69.6425
80.0,82.21
75.0,76.605
55.0,58.5
66.0,72.1175
86.0,82.725
77.0,61.4475
75.0,69.155
81.0,75.2275
65.0,69.765
79.0,71.4225
76.0,69.1925
86.0,72.7725
45.0,62.6975
72.0,73.725
85.0,85.0975
54.0,78.86
66.0,73.3
55.0,64.6025
71.0,72.795
59.0,57.3625
69.0,74.8675
74.0,76.3675
71.0,66.8975
85.0,73.9825
72.0,69.7975
88.0,68.29
74.0,79.815
55.0,62.555
56.0,65.205
84.0,83.035
61.0,65.03
76.0,74.0525
77.0,78.915
90.0,81.22
72.0,68.67
82.0,83.2125
65.0,68.2475
83.0,82.6625
52.0,52.48
80.0,83.155
80.0,76.4325
76.0,66.705
71.0,73.2075
58.0,68.595
58.0,66.675
68.0,60.56
69.0,73.0675
67.0,70.4425
51.0,53.04
78.0,78.5875
60.0,64.2875
85.0,77.565
63.0,76.2575
34.0,45.2425
84.0,79.81
65.0,69.985
68.0,64.9625
66.0,58.815
81.0,66.1075
74.0,75.3975
52.0,63.865
80.0,82.9175
38.0,37.1475
69.0,69.98
65.0,66.38
51.0,64.6525
88.0,82.965
83.0,83.1925
65.0,71.3025
57.0,62.29
56.0,60.095
71.0,79.8975
81.0,79.755
60.0,73.0725
65.0,67.075
74.0,76.2
57.0,38.555
73.0,74.0025
37.0,60.0275
65.0,57.5225
69.0,67.41
84.0,72.6775
85.0,81.1725
78.0,78.1325
68.0,63.6025
71.0,65.2625
55.0,65.49
65.0,62.7775
83.0,78.4225
81.0,80.16
72.0,67.9725
32.0,56.655
88.0,83.3825
89.0,81.0175
72.0,68.5425
82.0,79.535
71.0,74.0825
62.0,64.5625
79.0,79.1325
78.0,80.24
81.0,77.4325
79.0,64.375
44.0,63.7175
69.0,74.155
55.0,63.5
73.0,70.545
72.0,72.3225
86.0,87.27
91.0,88.215
75.0,79.0
65.0,72.245
65.0,67.15
61.0,69.1875
73.0,72.285
65.0,72.2225
71.0,73.4225
85.0,84.65
81.0,79.705
84.0,83.3675
68.0,75.8975
80.0,80.9825
75.0,69.0375
45.0,57.57
85.0,79.855
32.0,68.8175
72.0,64.97
44.0,62.3725
73.0,79.8
70.0,82.53
61.0,74.065
84.0,76.4675
35.0,52.3925
63.0,62.2575
77.0,75.9875
78.0,80.5125
57.0,67.0075
77.0,69.645
61.0,65.7625
39.0,62.5425
73.0,72.7825
53.0,61.1975
77.0,77.8775
73.0,69.7775
70.0,66.805
71.0,80.2475
81.0,85.195
72.0,69.175
49.0,59.4525
82.0,72.2425
87.0,72.745
75.0,74.4625
72.0,72.9825
77.0,83.9775
63.0,72.0325
78.0,70.5375
57.0,63.655
73.0,61.1125
84.0,81.505
57.0,60.3425
85.0,79.99
78.0,74.455
54.0,64.14
73.0,76.095
79.0,77.1025
85.0,77.5975
78.0,74.415
43.0,59.0225
71.0,70.4925
74.0,76.3175
90.0,79.4425
66.0,64.59
74.0,67.435
78.0,71.7475
59.0,63.4225
53.0,72.2875
86.0,78.895
91.0,83.7
71.0,81.3675
70.0,69.725
73.0,73.29
60.0,56.6975
71.0,74.585
82.0,78.99
34.0,64.215
53.0,59.055
69.0,78.175
74.0,68.0275
52.0,69.635
71.0,72.1975
67.0,70.6525
65.0,62.83
76.0,76.34
86.0,81.35
72.0,78.6025
53.0,75.6625
82.0,76.6425
39.0,42.1775
59.0,66.81
61.0,62.115
85.0,68.36
50.0,69.675
76.0,62.02
91.0,75.5575
74.0,71.8975
74.0,74.96
79.0,77.3025
82.0,72.5325
61.0,76.935
77.0,72.1225
56.0,60.8375
73.0,72.66
74.0,70.685
79.0,83.255
75.0,72.8475
65.0,62.295
74.0,77.1375
77.0,65.07
93.0,79.8625
77.0,68.1375
85.0,79.07
67.0,66.8725
76.0,77.0925
75.0,76.98
82.0,74.96
64.0,60.8
71.0,76.72
39.0,69.4875
67.0,65.805
60.0,67.6475
50.0,66.595
67.0,76.725
82.0,68.4275
57.0,74.055
80.0,74.975
71.0,64.6575
79.0,82.2725
45.0,66.175
77.0,64.83
58.0,71.075
62.0,58.9325
82.0,76.935
65.0,64.0425
54.0,67.9
80.0,78.115
71.0,69.6625
75.0,77.205
72.0,70.5075
63.0,68.5725
54.0,72.0225
81.0,79.9
69.0,66.245
90.0,82.9475
72.0,68.8225
75.0,70.785
56.0,68.34
81.0,75.325
86.0,78.1975
86.0,75.1325
74.0,73.595
62.0,75.6375
78.0,72.735
89.0,72.0425
80.0,79.6775
83.0,73.59
82.0,74.0975
75.0,75.61
60.0,63.9975
68.0,81.915
73.0,70.1
67.0,65.085
66.0,67.39
79.0,64.2325
75.0,73.4975
57.0,68.4475
63.0,58.6325
86.0,83.1475
76.0,75.2475
87.0,72.9475
93.0,75.8525
76.0,79.385
57.0,59.7525
72.0,79.6625
61.0,63.0825
63.0,54.7375
52.0,65.0725
57.0,63.4425
73.0,76.6125
93.0,65.625
49.0,68.8475
86.0,83.3
74.0,72.8025
88.0,84.0575
64.0,67.3275
89.0,79.76
59.0,70.655
81.0,75.8275
78.0,66.155
73.0,74.2325
74.0,60.4725
84.0,73.87
82.0,78.435
72.0,73.6825
89.0,81.185
71.0,66.865
68.0,62.395
81.0,77.9325
61.0,65.7425
86.0,85.8875
60.0,63.985
70.0,73.8725
71.0,67.765
90.0,81.4875
56.0,63.035
86.0,80.135
77.0,72.2
79.0,78.775
73.0,70.47
88.0,72.1575
62.0,79.555
70.0,78.02
61.0,68.55
75.0,69.7025
72.0,71.1175
67.0,73.155
53.0,76.465
69.0,72.275
82.0,73.37
54.0,66.6975
62.0,59.3425
78.0,71.3475
69.0,67.9475
78.0,79.795
69.0,68.645
77.0,70.9025
86.0,77.17
87.0,71.6975
56.0,54.3625
80.0,79.425
55.0,73.2425
65.0,49.6625
70.0,69.0425
62.0,74.065
70.0,73.8425
80.0,77.59
76.0,76.1125
80.0,79.0625
71.0,70.1075
75.0,76.7075
83.0,78.36
69.0,69.2475
80.0,71.9225
59.0,69.8875
54.0,61.685
82.0,77.615
72.0,78.055
70.0,68.92
40.0,72.2725
74.0,69.2575
88.0,80.1875
65.0,68.315
36.0,50.8775
61.0,70.47
70.0,77.7225
63.0,60.635
86.0,79.31
80.0,81.615
66.0,72.475
65.0,65.5
78.0,80.44
78.0,79.2525
69.0,78.9
39.0,61.1875
64.0,59.4625
86.0,83.3575
62.0,66.865
86.0,75.9125
83.0,73.7375
72.0,75.72
75.0,73.82
77.0,73.1525
65.0,60.4975
75.0,74.685
76.0,78.2625
59.0,63.9475
69.0,45.9525
66.0,63.6825
85.0,69.7825
60.0,62.605
80.0,69.9725
85.0,82.78
88.0,72.6625
88.0,80.425
62.0,68.6
63.0,69.3275
66.0,78.965
42.0,64.0775
68.0,64.2125
77.0,72.375
75.0,80.66
82.0,81.375
54.0,62.2425
68.0,73.9725
69.0,66.535
70.0,71.35
54.0,62.9
54.0,62.22
71.0,65.9525
64.0,70.51
40.0,50.5275
79.0,70.2225
62.0,72.165
56.0,63.255
44.0,64.35
75.0,76.9325
76.0,67.0625
82.0,78.5625
64.0,63.53
75.0,67.965
71.0,70.625
78.0,88.03
79.0,77.52
77.0,77.38
61.0,74.695
79.0,75.47
54.0,63.675
83.0,81.885
80.0,86.4825
62.0,72.3975
85.0,69.7125
73.0,66.59
57.0,57.79
72.0,77.4925
69.0,70.0825
59.0,65.3975
42.0,61.97
51.0,68.0525
80.0,80.3425
57.0,63.5825
71.0,72.515
81.0,72.38
70.0,75.2
62.0,70.5925
75.0,73.07
59.0,67.9025
79.0,68.1075
80.0,76.1575
82.0,75.6825
62.0,69.5575
78.0,82.7975
55.0,76.255
81.0,80.2325
76.0,78.9275
67.0,68.4925
85.0,77.3175
79.0,78.185
42.0,60.6075
61.0,61.5725
85.0,78.375
82.0,77.545
74.0,67.82
24.0,38.34
68.0,71.57
67.0,66.395
38.0,39.0175
60.0,64.6675
64.0,77.435
80.0,79.8075
82.0,73.24
78.0,80.265
65.0,74.5375
91.0,70.375
90.0,80.54
78.0,75.195
55.0,55.1025
65.0,68.0675
55.0,71.6
96.0,83.8825
32.0,63.8075
80.0,66.925
79.0,78.51
81.0,77.2325
62.0,81.7275
57.0,62.47
56.0,65.5325
59.0,64.9675
80.0,71.345
74.0,69.2475
78.0,72.0875
79.0,79.895
52.0,68.7325
60.0,54.8
85.0,79.58
54.0,70.5775
58.0,61.755
74.0,71.9825
75.0,71.515
73.0,64.0275
68.0,73.3075
66.0,61.5075
68.0,74.42
60.0,72.105
65.0,73.0175
82.0,76.735
62.0,67.9225
64.0,64.935
84.0,76.4125
75.0,72.0125
86.0,82.4025
80.0,80.24
76.0,73.465
72.0,77.66
84.0,78.7575
60.0,72.015
59.0,64.5475
54.0,59.4175
74.0,76.4325
70.0,72.745
52.0,62.3525
74.0,73.5475
75.0,70.215
71.0,72.1025
89.0,82.615
49.0,68.5275
78.0,51.37
73.0,69.465
76.0,76.03
69.0,69.84
77.0,62.9875
79.0,77.205
77.0,77.745
64.0,68.4975
64.0,66.1175
66.0,74.1725
83.0,79.785
92.0,90.3825
85.0,69.44
61.0,61.6325
57.0,56.6875
45.0,55.315
62.0,64.485
67.0,77.0375
90.0,72.045
85.0,79.25
66.0,65.8625
90.0,80.56
76.0,77.4325
58.0,56.54
52.0,61.1475
77.0,73.7125
78.0,75.53
82.0,73.39
76.0,69.6225
64.0,75.29
58.0,60.5125
94.0,82.8075
91.0,80.47
55.0,61.1425
38.0,66.8475
78.0,77.985
71.0,63.675
69.0,70.3075
71.0,72.265
78.0,70.365
82.0,75.5825
81.0,80.8725
50.0,77.725
91.0,76.5275
79.0,75.1925
86.0,80.17
87.0,83.2725
65.0,77.8925
72.0,67.765
78.0,81.0075
78.0,72.5425
87.0,77.355
75.0,74.25
83.0,64.8525
64.0,68.3975
73.0,77.65
57.0,67.7725
84.0,80.6275
89.0,79.6
85.0,83.5475
80.0,79.9225
81.0,72.455
81.0,78.645
77.0,73.7675
53.0,67.0975
69.0,70.765
73.0,72.395
87.0,81.1825
72.0,69.9675
85.0,80.985
76.0,75.5325
93.0,80.4
89.0,89.735
84.0,80.6975
76.0,75.78
76.0,71.9775
77.0,75.17
93.0,73.575
49.0,60.67
85.0,75.755
56.0,58.9825
72.0,70.6425
84.0,78.1725
69.0,67.955
52.0,69.8725
71.0,70.7775
65.0,40.89
79.0,78.9875
66.0,73.7925
61.0,62.6925
76.0,69.93
91.0,83.925
73.0,73.665
65.0,70.33
78.0,80.545
87.0,84.0025
43.0,53.4125
69.0,69.0875
55.0,75.1525
85.0,79.1125
80.0,78.46
67.0,68.4675
85.0,78.965
76.0,76.855
65.0,67.65
67.0,57.525
78.0,66.22
57.0,60.84
44.0,71.35
68.0,68.3075
78.0,74.3125
78.0,70.7075
64.0,64.8525
84.0,74.53
49.0,67.475
59.0,82.3975
81.0,82.0975
72.0,73.6175
61.0,67.495
26.0,52.9475
83.0,80.875
56.0,52.6625
70.0,72.425
90.0,70.7
82.0,77.1525
87.0,67.48
77.0,70.1625
69.0,67.5475
71.0,72.185
83.0,79.8225
81.0,76.86
74.0,69.965
77.0,75.6275
68.0,69.4475
59.0,72.81
88.0,85.9125
54.0,71.5125
34.0,55.3325
70.0,69.9275
75.0,68.1
62.0,77.18
72.0,76.725
68.0,70.145
40.0,62.7975
86.0,79.61
72.0,68.595
73.0,76.7
82.0,77.305
81.0,72.7825
70.0,72.325
72.0,72.3775
76.0,73.7625
90.0,79.555
62.0,68.365
67.0,79.805
74.0,63.2275
68.0,77.4725
52.0,56.3
87.0,80.7925
70.0,67.7675
68.0,66.92
68.0,71.6625
74.0,75.7875
71.0,70.21
80.0,80.9175
78.0,62.6425
52.0,65.065
68.0,63.07
64.0,80.3825
58.0,77.1525
85.0,72.6225
83.0,77.9175
77.0,71.395
84.0,78.66
77.0,79.8675
66.0,71.7275
83.0,72.9625
69.0,64.9125
45.0,58.5475
66.0,65.09
66.0,55.0575
61.0,64.325
78.0,74.205
89.0,83.4025
81.0,87.0225
64.0,58.96
50.0,66.0825
68.0,54.1125
38.0,66.06
69.0,51.2425
64.0,68.875
81.0,79.155
48.0,37.375
70.0,63.845
79.0,77.485
72.0,65.63
72.0,59.075
54.0,68.64
71.0,74.715
62.0,60.5675
63.0,74.78
89.0,85.3825
62.0,66.0225
71.0,67.0825
78.0,76.4425
81.0,69.9975
87.0,83.2575
72.0,74.3225
81.0,71.795
82.0,76.52
78.0,75.8275
88.0,75.035
90.0,86.68
75.0,64.845
79.0,76.6725
66.0,71.3225
86.0,78.85
78.0,70.245
70.0,72.425
58.0,62.3675
43.0,60.18
72.0,62.255
75.0,77.4075
80.0,69.375
61.0,62.6625
77.0,73.6225
77.0,75.3525
78.0,71.8525
63.0,62.62
67.0,78.385
73.0,66.755
74.0,77.09
37.0,50.79
84.0,80.5125
92.0,82.5125
66.0,69.93
82.0,74.13
84.0,77.705
74.0,82.3525
82.0,79.555
68.0,71.105
63.0,70.7775
73.0,66.7825
73.0,67.71
83.0,67.05
71.0,74.72
65.0,78.5375
59.0,66.93
76.0,66.4425
46.0,80.935
68.0,63.53
80.0,78.8075
72.0,63.17
91.0,81.035
81.0,74.31
85.0,79.4925
58.0,77.685
70.0,70.3575
80.0,69.705
53.0,70.29
74.0,69.6525
69.0,69.875
56.0,53.7
56.0,61.5025
90.0,77.5025
29.0,40.57
87.0,82.455
76.0,77.95
72.0,69.765
81.0,79.6825
69.0,72.945
70.0,68.7225
73.0,60.6875
78.0,84.4525
80.0,81.255
75.0,65.5725
58.0,71.11
75.0,78.865
63.0,70.3125
76.0,74.41
49.0,72.595
73.0,78.165
59.0,64.2025
77.0,77.02
83.0,80.7225
58.0,66.0525
69.0,67.4275
81.0,80.8225
71.0,76.475
84.0,79.555
54.0,67.4375
85.0,80.94
73.0,73.075
73.0,75.5275
90.0,73.1175
43.0,59.9875
69.0,89.1025
67.0,69.01
81.0,78.74
62.0,64.8425
80.0,76.605
73.0,80.01
56.0,61.5325
85.0,71.7475
79.0,77.0525
61.0,58.955
56.0,76.5775
76.0,72.7725
54.0,57.5125
64.0,78.0075
83.0,80.2425
69.0,63.635
75.0,75.38
73.0,77.295
62.0,69.2175
70.0,73.71
77.0,74.4425
65.0,70.3825
79.0,73.2925
45.0,62.0725
73.0,67.0725
42.0,66.41
72.0,79.36
59.0,69.4
80.0,64.9925
54.0,62.2375
82.0,74.29
68.0,61.8425
87.0,83.2225
69.0,72.3625
66.0,65.385
75.0,74.395
68.0,69.335
65.0,69.315
56.0,61.5275
40.0,57.9025
76.0,68.8675
73.0,71.5875
83.0,76.485
72.0,79.1775
67.0,68.93
95.0,91.95
67.0,71.36
84.0,80.4825
75.0,75.195
87.0,78.62
74.0,67.72
41.0,39.8875
71.0,60.295
84.0,80.34
88.0,78.3825
78.0,78.1825
82.0,70.68
58.0,71.9825
61.0,63.87
76.0,73.2025
80.0,74.3725
77.0,72.19
64.0,70.485
96.0,79.875
50.0,55.2625
77.0,80.245
62.0,59.5825
75.0,66.8925
80.0,70.5975
76.0,74.4725
78.0,77.78
59.0,76.2025
69.0,61.4675
54.0,70.995
77.0,69.6225
90.0,74.4375
65.0,78.7125
75.0,64.83
73.0,71.8825
61.0,70.425
84.0,79.76
61.0,68.93
68.0,71.1175
57.0,63.02
79.0,79.8725
59.0,70.1275
77.0,74.57
75.0,67.9125
83.0,75.08
53.0,65.4425
78.0,77.0575
77.0,73.845
64.0,71.3775
78.0,69.2375
73.0,67.0775
80.0,76.81
79.0,67.145
84.0,65.2075
72.0,72.9825
77.0,73.7475
57.0,62.58
68.0,69.6075
82.0,81.4475
62.0,65.15
86.0,75.8325
49.0,72.15
79.0,74.8975
66.0,66.4575
83.0,68.4575
51.0,67.03
74.0,72.305
77.0,63.5125
76.0,71.3525
79.0,74.8075
74.0,69.56
70.0,61.3525
45.0,70.075
67.0,65.8025
47.0,64.77
63.0,62.585
71.0,60.49
90.0,77.6125
81.0,81.325
83.0,82.4075
63.0,66.8575
93.0,82.6975
63.0,75.7275
51.0,60.8175
82.0,83.5625
64.0,67.295
75.0,72.4625
67.0,69.9325
63.0,65.1175
74.0,78.755
81.0,68.595
80.0,78.1175
85.0,77.3175
67.0,66.595
77.0,65.4025
63.0,67.0175
67.0,61.065
80.0,79.805
50.0,68.4225
74.0,76.4325
75.0,71.815
82.0,67.235
90.0,70.7975
81.0,77.2925
43.0,61.0025
57.0,72.72
43.0,66.5775
73.0,69.74
76.0,71.5
71.0,66.4725
70.0,74.06
73.0,68.7975
78.0,73.45
60.0,61.37
73.0,65.965
62.0,75.35
79.0,80.635
80.0,75.6925
87.0,76.565
48.0,65.275
71.0,72.655
43.0,44.5425
65.0,79.99
88.0,73.26
67.0,77.03
66.0,64.41
61.0,72.095
69.0,67.3625
81.0,72.57
70.0,68.9725
81.0,71.01
69.0,64.3475
91.0,72.4875
66.0,66.6525
49.0,62.755
82.0,72.1875
59.0,61.4175
79.0,79.1325
71.0,61.84
74.0,59.05
69.0,70.32
79.0,72.47
39.0,40.97
70.0,77.405
85.0,77.61
75.0,75.81
71.0,75.85
66.0,75.64
64.0,69.1025
65.0,69.1125
78.0,70.0525
86.0,73.23
64.0,69.335
68.0,84.3775
73.0,67.6225
79.0,70.86
65.0,70.9575
88.0,80.3025
57.0,59.53
82.0,75.59
72.0,71.4575
80.0,73.4175
73.0,73.4575
82.0,78.4275
84.0,79.8975
76.0,75.8775
59.0,64.0325
87.0,80.6325
80.0,70.7275
58.0,62.2375
78.0,76.7625
84.0,76.46
89.0,79.005
67.0,64.13
56.0,68.6175
81.0,72.1
70.0,77.5325
87.0,73.1175
73.0,72.015
77.0,81.6325
80.0,81.0125
84.0,80.635
67.0,65.3225
61.0,58.91
73.0,71.4375
77.0,76.4525
88.0,81.5875
51.0,61.405
71.0,61.42
62.0,70.0025
52.0,67.71
72.0,76.805
75.0,72.9325
88.0,86.1975
72.0,80.0175
79.0,80.985
92.0,80.9
84.0,79.41
65.0,72.0675
80.0,78.1475
83.0,75.575
67.0,71.75
84.0,80.495
53.0,62.5925
79.0,71.48
82.0,78.0125
73.0,77.14
69.0,65.4725
58.0,66.095
51.0,69.2525
85.0,75.105
60.0,66.975
78.0,75.495
81.0,81.3375
84.0,81.865
79.0,79.3025
77.0,78.075
49.0,55.3575
92.0,82.2625
83.0,71.72
44.0,64.92
74.0,79.51
84.0,75.3675
73.0,63.345
53.0,64.14
58.0,74.01
68.0,73.8775
72.0,73.77
69.0,64.5275
64.0,70.415
71.0,71.435
82.0,73.5075
65.0,69.985
76.0,71.9175
83.0,80.9775
54.0,69.965
66.0,76.6875
56.0,57.1075
68.0,63.9925
77.0,78.22
78.0,78.8975
68.0,68.6125
66.0,66.575
75.0,75.8025
81.0,66.5875
70.0,72.3225
78.0,70.03
65.0,65.36
70.0,77.4975
80.0,81.3575
78.0,70.85
83.0,78.74
85.0,81.475
71.0,75.0475
67.0,57.075
54.0,65.7175
62.0,70.2575
72.0,57.82
77.0,70.0625
44.0,68.34
68.0,79.5675
77.0,75.865
74.0,72.5375
56.0,67.7025
94.0,77.49
85.0,74.98
83.0,81.68
59.0,71.0475
56.0,64.0925
77.0,69.415
70.0,70.8325
75.0,69.57
69.0,76.2575
85.0,81.975
69.0,52.945
85.0,81.355
81.0,77.32
79.0,77.815
78.0,74.6525
76.0,74.3225
75.0,76.4175
55.0,76.78
81.0,68.92
68.0,69.34
77.0,72.8425
67.0,69.195
49.0,49.25
75.0,76.5175
82.0,78.1825
76.0,76.7775
85.0,70.395
78.0,76.5575
78.0,61.11
57.0,62.3625
66.0,79.56
84.0,67.72
75.0,85.1375
82.0,80.2425
52.0,62.0325
74.0,75.475
70.0,68.6075
84.0,76.555
61.0,60.775
76.0,72.57
82.0,83.94
74.0,74.57
53.0,59.535
90.0,78.8625
82.0,70.9625
71.0,74.8825
63.0,64.7
90.0,88.0325
82.0,74.665
73.0,72.28
88.0,68.075
76.0,74.12
89.0,78.3175
73.0,69.225
62.0,71.91
81.0,71.64
83.0,62.9325
79.0,75.4475
80.0,79.82
64.0,66.325
70.0,78.215
71.0,75.7375
58.0,67.8825
78.0,80.425
73.0,75.4
73.0,65.01
76.0,66.91
61.0,58.0975
71.0,70.6025
82.0,76.51
78.0,79.5775
57.0,64.1225
77.0,65.485
57.0,76.5175
64.0,72.2475
89.0,78.53
84.0,79.3425
72.0,78.825
80.0,81.95
82.0,70.77
71.0,82.42
45.0,61.075
70.0,70.7025
79.0,73.485
80.0,70.76
81.0,72.2225
56.0,62.185
76.0,64.9875
70.0,70.38
66.0,66.4975
65.0,76.5875
89.0,81.4825
66.0,75.8775
79.0,74.3375
